channel_id,title,description,customUrl,publishedAt,country,thumbnail_high,uploads_playlist,subscriberCount,viewCount,videoCount
UCkna2OcuN1E6u5I8GVtdkOw,Vie Channel ,"Vie Channel là kênh phát sóng chính thức các chương trình giải trí Việt được khán giả cả nước yêu thích nhất: Anh Trai ""Say Hi"", Em Xinh ""Say Hi"", Rap Việt, Ca Sĩ Mặt Nạ - The Masked Singer Vietnam, Siêu Trí Tuệ, Người Ấy Là Ai, Nhanh Như Chớp Nhí, Ai Là Số 1, Bếp Vui Bùng Vị, Số Độc Đắc, Gạo Nếp Gạo Tẻ, Hải Đường Trong Gió, Cô Thắm Về Làng...

Vie Channel cam kết tiếp tục mang đến những nội dung giải trí hấp dẫn và mới lạ nhất cho khán giả truyền hình và khán giả online
►Fanpage: https://www.facebook.com/VieChannelOfficial
►Instagram: https://www.instagram.com/viechannelhtv2
►TikTok: https://www.tiktok.com/@viechannel.show?

Tải app VieON tại: https://click.vieon.vn/wSBG/ytapp

Liên Hệ Tài Trợ & Quảng Cáo
► Hotline: 0907.950.371 (Mr. Đức Khoa)
► Email: khoa.nguyen@viechannel.vn hoặc sales@viechannel.vn

► Website: https://vieon.vn/
► Fanpage: https://www.facebook.com/vieonofficial/
► Tiktok: https://www.tiktok.com/@vieon.official
► Instagram: https://www.instagram.com/vieon.official/
",@viechannelofficial,2012-06-04T08:47:14Z,VN,https://yt3.ggpht.com/XSw7CXmpOaXPx-XtHPt9zY4x7d7sObP25wkj2TyPt1aPtu0qxJFNW4xhinO726k6g_6totkw=s800-c-k-c0x00ffffff-no-rj,UUkna2OcuN1E6u5I8GVtdkOw,11500000,4564727403,11784
