playlist_id,playlist_title,playlist_desc,published_at,channel_id,channel_title,item_count,thumb_default,thumb_medium,thumb_high
PLxKLMN7WdG5AM3pFpdNbnzOHqdZUpp3r5,"Anh Trai ""Say Hi"" 2025 | Live Stage",,2025-09-20 15:45:08.025136+00:00,UCkna2OcuN1E6u5I8GVtdkOw,Vie Channel ,17,https://i.ytimg.com/vi/g54mT0lQcBA/default.jpg,https://i.ytimg.com/vi/g54mT0lQcBA/mqdefault.jpg,https://i.ytimg.com/vi/g54mT0lQcBA/hqdefault.jpg
PLxKLMN7WdG5Boij13v40P3-aO56CocZRw,"Em Xinh ""Say Hi"" Concert | Xinh X·∫≠p X√¨nh S·∫≠p S√†n","Em Xinh ""Say Hi"" Concert | Xinh X·∫≠p X√¨nh S·∫≠p S√†n

#emxinhsayhi #emxinh #emxinhsayhiconcert #concert",2025-09-09 14:02:02.383108+00:00,UCkna2OcuN1E6u5I8GVtdkOw,Vie Channel ,20,https://i.ytimg.com/vi/Q7uVkWRAs4g/default.jpg,https://i.ytimg.com/vi/Q7uVkWRAs4g/mqdefault.jpg,https://i.ytimg.com/vi/Q7uVkWRAs4g/hqdefault.jpg
PLxKLMN7WdG5AlA3dp3p3it0flbzxmZwxd,"Anh Trai ""Say Hi"" 2025 | BTS","Anh Trai ""Say Hi"" 2025 | BTS

#AnhTraiSayHi #AnhTraiSayHi2025
#DatVietVAC #VieChannel #VieON #VieNETWORK",2025-09-07 04:12:51.341017+00:00,UCkna2OcuN1E6u5I8GVtdkOw,Vie Channel ,106,https://i.ytimg.com/vi/f6Oi9gbr7zA/default.jpg,https://i.ytimg.com/vi/f6Oi9gbr7zA/mqdefault.jpg,https://i.ytimg.com/vi/f6Oi9gbr7zA/hqdefault.jpg
PLxKLMN7WdG5BScv1MASDarMh12mB8tIU2,"Anh Trai ""Say Hi"" 2025 | S·ª©c M·∫°nh Nguy√™n B·∫£n - R·∫•t Real R·∫•t Ri√™ng",,2025-08-13 08:19:08.985221+00:00,UCkna2OcuN1E6u5I8GVtdkOw,Vie Channel ,180,https://i.ytimg.com/vi/piOfzIT7sQ0/default.jpg,https://i.ytimg.com/vi/piOfzIT7sQ0/mqdefault.jpg,https://i.ytimg.com/vi/piOfzIT7sQ0/hqdefault.jpg
PLxKLMN7WdG5BXZqh4UHAUPtjWq1OAVz4-,Em Xinh ICON,,2025-06-20 10:57:04.750189+00:00,UCkna2OcuN1E6u5I8GVtdkOw,Vie Channel ,1,https://i.ytimg.com/vi/Ja4zvXysncc/default.jpg,https://i.ytimg.com/vi/Ja4zvXysncc/mqdefault.jpg,https://i.ytimg.com/vi/Ja4zvXysncc/hqdefault.jpg
PLxKLMN7WdG5D_R3opCOF5jUzAisXmZyBY,"Em Xinh ""Say Hi"" | Live Stage","Em Xinh ""Say Hi"" | Live Stage

#emxinh #emxinhsayhi #EXSH",2025-05-30 11:34:48.159865+00:00,UCkna2OcuN1E6u5I8GVtdkOw,Vie Channel ,47,https://i.ytimg.com/vi/xpBtGnhWzXw/default.jpg,https://i.ytimg.com/vi/xpBtGnhWzXw/mqdefault.jpg,https://i.ytimg.com/vi/xpBtGnhWzXw/hqdefault.jpg
PLxKLMN7WdG5DcEyUOk7f25ykdihfRT_sF,"Em Xinh ""Say Hi"" | BTS","Em Xinh ""Say Hi"" | BTS",2025-05-05 03:51:26.827198+00:00,UCkna2OcuN1E6u5I8GVtdkOw,Vie Channel ,166,https://i.ytimg.com/vi/LhBZA3U0GGw/default.jpg,https://i.ytimg.com/vi/LhBZA3U0GGw/mqdefault.jpg,https://i.ytimg.com/vi/LhBZA3U0GGw/hqdefault.jpg
PLxKLMN7WdG5D1LrbMdeJMn_fL9FrQbJ6V,"Em Xinh ""Say Hi"" | S√¢n ch∆°i √¢m nh·∫°c th·ª±c t·∫ø s·ªëng c√≤n h·∫•p d·∫´n nh·∫•t m√πa h√® 2025","Em Xinh ""Say Hi"" | S√¢n ch∆°i √¢m nh·∫°c th·ª±c t·∫ø s·ªëng c√≤n h·∫•p d·∫´n nh·∫•t m√πa h√® 2025",2025-05-05 03:51:06.298455+00:00,UCkna2OcuN1E6u5I8GVtdkOw,Vie Channel ,366,https://i.ytimg.com/vi/YzMcYwfj3V4/default.jpg,https://i.ytimg.com/vi/YzMcYwfj3V4/mqdefault.jpg,https://i.ytimg.com/vi/YzMcYwfj3V4/hqdefault.jpg
PLxKLMN7WdG5BRN8Sl3-ZGIdl7l1uVSdV3,Anh Trai Say Hi Concert [Live Stage],Anh Trai Say Hi Concert [Live Stage],2025-04-12 13:37:48.109280+00:00,UCkna2OcuN1E6u5I8GVtdkOw,Vie Channel ,29,https://i.ytimg.com/vi/64FOiXe_KLs/default.jpg,https://i.ytimg.com/vi/64FOiXe_KLs/mqdefault.jpg,https://i.ytimg.com/vi/64FOiXe_KLs/hqdefault.jpg
PLxKLMN7WdG5DlawIKYIpjwoSc3QZFJrIs,ATSH GAME ONLY,,2025-04-04 10:20:59.964353+00:00,UCkna2OcuN1E6u5I8GVtdkOw,Vie Channel ,3,https://i.ytimg.com/vi/QJx96CYpJNU/default.jpg,https://i.ytimg.com/vi/QJx96CYpJNU/mqdefault.jpg,https://i.ytimg.com/vi/QJx96CYpJNU/hqdefault.jpg
PLxKLMN7WdG5AMsdCEMN7x8_LINnuY7NkV,"Anh Trai ""Say Hi"" The Movie - K·∫ª Ph·∫£n Di·ªán T·∫°o N√™n Ng∆∞·ªùi H√πng","Anh Trai ""Say Hi"" The Movie - K·∫ª Ph·∫£n Di·ªán T·∫°o N√™n Ng∆∞·ªùi H√πng

ANH TRAI ""SAY HI""
K·∫ª Ph·∫£n Di·ªán T·∫°o N√™n Ng∆∞·ªùi H√πng
Kh·ªüi chi·∫øu t·ª´ 26.02.2025
Truy c·∫≠p App & website c·ªßa CGV ƒë·ªÉ mua v√©.

#VieNETWORK #AnhTraiSayHi #VieChannel #DatVietVAC
#AnhTraiSayHi #AnhTrai #AnhTraiSayHiConcert2024 #KPDTNNH
#CGVVietnam #ICECONVietnam #ATSHTheConcertMovie",2025-02-28 10:53:05.465540+00:00,UCkna2OcuN1E6u5I8GVtdkOw,Vie Channel ,28,https://i.ytimg.com/vi/Zp6rTejfaDY/default.jpg,https://i.ytimg.com/vi/Zp6rTejfaDY/mqdefault.jpg,https://i.ytimg.com/vi/Zp6rTejfaDY/hqdefault.jpg
PLxKLMN7WdG5BIwNQgqYSWciQhg-Jtj8yQ,S√ìNG 25 | LIVE STAGE,S√ìNG 25 | LIVE STAGE,2025-01-28 15:55:01.014893+00:00,UCkna2OcuN1E6u5I8GVtdkOw,Vie Channel ,8,https://i.ytimg.com/vi/lM2kY7VGXEw/default.jpg,https://i.ytimg.com/vi/lM2kY7VGXEw/mqdefault.jpg,https://i.ytimg.com/vi/lM2kY7VGXEw/hqdefault.jpg
PLxKLMN7WdG5De9CuWAJWJVk50bYNnkwnm,S√ìNG 25 | BTS,,2025-01-15 10:48:21.749728+00:00,UCkna2OcuN1E6u5I8GVtdkOw,Vie Channel ,58,https://i.ytimg.com/vi/Lwgcvg58j3U/default.jpg,https://i.ytimg.com/vi/Lwgcvg58j3U/mqdefault.jpg,https://i.ytimg.com/vi/Lwgcvg58j3U/hqdefault.jpg
PLxKLMN7WdG5D_eiB-HX3Mg3o45vI-cOrh,H√ÄI T·∫æT | XU√ÇN ·∫§T T·ª¥ 2025,,2025-01-03 14:18:44.481896+00:00,UCkna2OcuN1E6u5I8GVtdkOw,Vie Channel ,5,https://i.ytimg.com/vi/Lqfgh_DnPJQ/default.jpg,https://i.ytimg.com/vi/Lqfgh_DnPJQ/mqdefault.jpg,https://i.ytimg.com/vi/Lqfgh_DnPJQ/hqdefault.jpg
PLxKLMN7WdG5BbaNOm4v30QD5EQld9-roU,S√ìNG 25 LIVE CONCERT | ƒê·∫°i Ti·ªác √Çm Nh·∫°c ƒê·ªânh L∆∞u | 08.01.2025,"S√ìNG 25 LIVE CONCERT | ƒê·∫°i Ti·ªác √Çm Nh·∫°c ƒê·ªânh L∆∞u | 08.01.2025

L·∫ßn ƒë·∫ßu ti√™n, ƒê·∫°i Ti·ªác √Çm Nh·∫°c ƒê·ªânh L∆∞u - m·ªôt ƒë√™m LIVE CONCERT duy nh·∫•t quy t·ª• t·∫•t c·∫£ c√°c SAO H·∫†NG A ƒë√£ t·∫°o s√≥ng trong nƒÉm 2024. ""Ch·∫°m"" v√† ""ch√°y h·∫øt m√¨nh"" c√πng th·∫ßn t∆∞·ª£ng ·ªü kho·∫£ng c√°ch g·∫ßn nh·∫•t. S·ªë l∆∞·ª£ng v√© r·∫•t gi·ªõi h·∫°n!
---
S√ìNG 25 LIVE CONCERT ƒë∆∞·ª£c t·ªï ch·ª©c t·∫°i S.E.C.C Qu·∫≠n 7 TP.HCM v√†o ng√†y 08.01.2025
- M·ªü b√°n s·ªõm: T·ª´ 12:00 ƒë·∫øn 23:59 ng√†y 20.12.2024
- M·ªü b√°n ch√≠nh th·ª©c: T·ª´ 21.12.2024",2024-12-19 10:12:23.290861+00:00,UCkna2OcuN1E6u5I8GVtdkOw,Vie Channel ,89,https://i.ytimg.com/vi/ZG74jiwqKqs/default.jpg,https://i.ytimg.com/vi/ZG74jiwqKqs/mqdefault.jpg,https://i.ytimg.com/vi/ZG74jiwqKqs/hqdefault.jpg
PLxKLMN7WdG5Bqo79h1cak8DjodwScI0R8,"Anh Trai ‚ÄúSay Hi‚Äù Concert | ƒê·∫°i Nh·∫°c H·ªôi Anh Trai ""Say Hi"" - DAY 1 - DAY 5",,2024-09-27 08:18:28.638985+00:00,UCkna2OcuN1E6u5I8GVtdkOw,Vie Channel ,313,https://i.ytimg.com/vi/kx5FPKiedtA/default.jpg,https://i.ytimg.com/vi/kx5FPKiedtA/mqdefault.jpg,https://i.ytimg.com/vi/kx5FPKiedtA/hqdefault.jpg
PLxKLMN7WdG5DgiD4SaJBjWo8YoAhLGInM,RAP VI·ªÜT 2024 | BTS,,2024-09-23 12:01:16.215267+00:00,UCkna2OcuN1E6u5I8GVtdkOw,Vie Channel ,104,https://i.ytimg.com/vi/jhR54nRbkm0/default.jpg,https://i.ytimg.com/vi/jhR54nRbkm0/mqdefault.jpg,https://i.ytimg.com/vi/jhR54nRbkm0/hqdefault.jpg
PLxKLMN7WdG5DceAqmLdM-tk57cGmWSCT9,Rap Vi·ªát 2024 [Live Stage],"Rap Vi·ªát 2024 [Live Stage] 

#rapvi·ªát2024 #rapviet2024 #rapviet #tranthanh 
#karik #suboi #justatee #bigdaddy #thaivg #fhero #bray",2024-09-21 15:55:53.993928+00:00,UCkna2OcuN1E6u5I8GVtdkOw,Vie Channel ,89,https://i.ytimg.com/vi/s2UBSFakgJs/default.jpg,https://i.ytimg.com/vi/s2UBSFakgJs/mqdefault.jpg,https://i.ytimg.com/vi/s2UBSFakgJs/hqdefault.jpg
PLxKLMN7WdG5DocrGKzZNI2Ol6f-yMi0IH,RAP VI·ªÜT 2024,,2024-09-11 10:50:37.027002+00:00,UCkna2OcuN1E6u5I8GVtdkOw,Vie Channel ,307,https://i.ytimg.com/vi/cWcPlbQ6G9U/default.jpg,https://i.ytimg.com/vi/cWcPlbQ6G9U/mqdefault.jpg,https://i.ytimg.com/vi/cWcPlbQ6G9U/hqdefault.jpg
PLxKLMN7WdG5CbqQNROJhL0Hw1LGIoEI0C,RAP VI·ªÜT 2024 | CASTING CALL,"RAP VI·ªÜT 2024 | CASTING CALL

#RapViet #RapViet2024
#VieChannel #VieGi·∫£iTr√≠ #VieON #DatVietVAC",2024-07-16 11:09:54.351903+00:00,UCkna2OcuN1E6u5I8GVtdkOw,Vie Channel ,9,https://i.ytimg.com/vi/ougwG3EoaOw/default.jpg,https://i.ytimg.com/vi/ougwG3EoaOw/mqdefault.jpg,https://i.ytimg.com/vi/ougwG3EoaOw/hqdefault.jpg
PLxKLMN7WdG5CbiW3w-ijIFQZyoT_Et7xQ,Anh Trai Say Hi | BTS,"Anh Trai Say Hi | BTS 

Anh Trai ""Say Hi"" - Vie Channel
#anhtrai #anhtraisayhi #TranThanh 
#HIEUTHUHAI #Isaac #AnhTuAtus #AnhTu #QuangHungMasterD #HURRYKNG #NEGAV #Erik #DucPhuc #SongLuan #JSOL #WEAN #Gemini #Nicky #GinTuanKiet #QuanA.P #HaiDangDoo #DuongDomic #PhapKieu #AliHoangDuong #Tage #PhamDinhThaiNgan #PhamAnhDuy #Captain #VuThinh #Rhyder #CongDuong #DoPhuQui #QuangTrung #LouHoang 
#DatVietVAC #VieChannel #VieON",2024-06-17 06:33:34.282572+00:00,UCkna2OcuN1E6u5I8GVtdkOw,Vie Channel ,485,https://i.ytimg.com/vi/7RSYgNmrHJE/default.jpg,https://i.ytimg.com/vi/7RSYgNmrHJE/mqdefault.jpg,https://i.ytimg.com/vi/7RSYgNmrHJE/hqdefault.jpg
PLxKLMN7WdG5A6U26bZgtGaPcZ1rJm4fYu,"Anh Trai ""Say Hi"" [ LIVESTAGE ]","Anh Trai Say Hi | Livestage 

#anhtrai #anhtraisayhi #TranThanh 
#HIEUTHUHAI #Isaac #AnhTuAtus #AnhTu #QuangHungMasterD #HURRYKNG #NEGAV #Erik #DucPhuc #SongLuan #JSOL #WEAN #Gemini #Nicky #GinTuanKiet #QuanA.P #HaiDangDoo #DuongDomic #PhapKieu #AliHoangDuong #Tage #PhamDinhThaiNgan #PhamAnhDuy #Captain #VuThinh #Rhyder #CongDuong #DoPhuQui #QuangTrung #LouHoang 
#DatVietVAC #VieChannel #VieON",2024-06-17 06:32:22.021910+00:00,UCkna2OcuN1E6u5I8GVtdkOw,Vie Channel ,50,https://i.ytimg.com/vi/QgpWXYqdS8g/default.jpg,https://i.ytimg.com/vi/QgpWXYqdS8g/mqdefault.jpg,https://i.ytimg.com/vi/QgpWXYqdS8g/hqdefault.jpg
PLxKLMN7WdG5AYDsDPTbq7zZTpOTGH7ay6,"Show m·ªõi ANH TRAI ""SAY HI"" | 20:00 Th·ª© 7 h√†ng tu·∫ßn","Anh Trai ""Say Hi"" - Vie Channel

#anhtrai #anhtraisayhi #TranThanh 
#HIEUTHUHAI #Isaac #AnhTuAtus #AnhTu #QuangHungMasterD #HURRYKNG #NEGAV #Erik #DucPhuc #SongLuan #JSOL #WEAN #Gemini #Nicky #GinTuanKiet #QuanA.P #HaiDangDoo #DuongDomic #PhapKieu #AliHoangDuong #Tage #PhamDinhThaiNgan #PhamAnhDuy #Captain #VuThinh #Rhyder #CongDuong #DoPhuQui #QuangTrung #LouHoang 
#DatVietVAC #VieChannel #VieON",2024-04-11 08:16:04.586769+00:00,UCkna2OcuN1E6u5I8GVtdkOw,Vie Channel ,626,https://i.ytimg.com/vi/qKTqFeRb43w/default.jpg,https://i.ytimg.com/vi/qKTqFeRb43w/mqdefault.jpg,https://i.ytimg.com/vi/qKTqFeRb43w/hqdefault.jpg
PLxKLMN7WdG5DGXNnJVM8jejC2aDbpDa0o,Casting Rap Vi·ªát M√πa 3,"Casting Rap Vi·ªát M√πa 3 - H√≥ng Rap Vi·ªát M√πa 4 

#RapVi·ªátM√πa3 #RapVietSeason3 #VieChannel #VieGi·∫£iTr√≠ #VieON #DatVietVAC",2024-04-03 02:56:46.584794+00:00,UCkna2OcuN1E6u5I8GVtdkOw,Vie Channel ,98,https://i.ytimg.com/vi/uo2VnaUzEN8/default.jpg,https://i.ytimg.com/vi/uo2VnaUzEN8/mqdefault.jpg,https://i.ytimg.com/vi/uo2VnaUzEN8/hqdefault.jpg
PLxKLMN7WdG5AlsBxbngKl1fLI6OGed3Bz,Phim Vi·ªát m·ªõi ∆Ø·ªõc M√¨nh C√πng Bay | 20h Th·ª© 4 - Th·ª© 5 - Th·ª© 6 h√†ng tu·∫ßn,"Phim Vi·ªát m·ªõi ∆Ø·ªõc M√¨nh C√πng Bay | 20h Th·ª© 4 - Th·ª© 5 - Th·ª© 6 h√†ng tu·∫ßn 

B·ªô phim k·ªÉ v·ªÅ s·ªë ph·∫≠n c·ªßa nh·ªØng con ng∆∞·ªùi mong mu·ªën tho√°t ngh√®o, h·ªç bu·ªôc ph·∫£i b∆∞·ªõc v√†o cu·ªôc m∆∞u sinh ƒë·ªÉ nh·ªØng thi·∫øu th·ªën bi·∫øn m·∫•t v√† nh∆∞·ªùng ch·ªó cho cu·ªôc ƒëua v∆∞∆°n t·ªõi gi√†u sang.

#VieON #VieChannel #∆Ø·ªõcM√¨nhC√πngBay
#UocMinhCungBay #PhimViet #PhimMoi #PhimHot #PhimTinhCam #PhimGiaƒêinh

#ThuyDung #TrinhThao #LanhThanh #QuangDai
#VoDienGiaHuy #HongAnh #KieuTrinh",2024-02-01 06:33:19.378644+00:00,UCkna2OcuN1E6u5I8GVtdkOw,Vie Channel ,32,https://i.ytimg.com/img/no_thumbnail.jpg,https://i.ytimg.com/img/no_thumbnail.jpg,https://i.ytimg.com/img/no_thumbnail.jpg
PLxKLMN7WdG5DgQQKKUMdu2_ZOgfoSMPT7,Ca nh·∫°c T·∫øt S√ìNG 24 | ƒê√™m Giao Th·ª´a | Xu√¢n Gi√°p Th√¨n T·∫øt 2024,"ƒê√≥n Giao Th·ª´a - ƒê√≥n S√≥ng 24

Ch∆∞∆°ng tr√¨nh ca nh·∫°c gi·∫£i tr√≠ ƒê√™m Giao Th·ª´a ƒë·∫°t TOP 1 YouTube Trending 6 nƒÉm li·ªÅn. Trong su·ªët 6 nƒÉm qua, S√≥ng ƒë√£ li√™n t·ª•c mang nh·ªØng b√†i h√°t, ngh·ªá sƒ©, g∆∞∆°ng m·∫∑t v√† nh·ªØng c√¢u chuy·ªán truy·ªÅn c·∫£m h·ª©ng xu·∫•t s·∫Øc nh·∫•t ƒë·∫øn v·ªõi kh√°n gi·∫£, tr·ªü th√†nh ch∆∞∆°ng tr√¨nh gi·∫£i tr√≠ ƒë∆∞·ª£c y√™u th√≠ch nh·∫•t ƒê√™m Giao Th·ª´a. 

#S√≥ng24 #ƒê√™mGiaoTh·ª´a #T·∫øtGi√°pTh√¨n #T·∫øt2024
#DatVietVAC #VieChannel #VieON",2024-01-25 03:55:24.084947+00:00,UCkna2OcuN1E6u5I8GVtdkOw,Vie Channel ,103,https://i.ytimg.com/vi/1uiUMbz83Yw/default.jpg,https://i.ytimg.com/vi/1uiUMbz83Yw/mqdefault.jpg,https://i.ytimg.com/vi/1uiUMbz83Yw/hqdefault.jpg
PLxKLMN7WdG5CWVloG9ctrNNLwwrhfefKS,H√†i T·∫æT | Xu√¢n Gi√°p Th√¨n T·∫øt 2024,"Chu·ªói ch∆∞∆°ng tr√¨nh H√†i T·∫æT, ch√†o ƒë√≥n Xu√¢n Gi√°p Th√¨n 2024 ch·ªçn l·ªçc d√†nh cho kh√°n gi·∫£ Vi·ªát th∆∞·ªüng th·ª©c trong nƒÉm m·ªõi.

Tr·∫•n Th√†nh, Tr∆∞·ªùng Giang, H·ªìng V√¢n, Vi·ªát H∆∞∆°ng, Ch√≠ T√†i, B·∫£o Qu·ªëc, ƒê·∫°i Nghƒ©a, B·∫£o Chung, Trung D√¢n, B·∫£o Ch√¢u, T·∫•n Beo, Ki·ªÅu Oanh, L√™ Kh√°nh, C√°t Ph∆∞·ª£ng, Thu Trang, L∆∞∆°ng Th·∫ø Th√†nh, Lan Ph∆∞∆°ng, ·ªêc Thanh V√¢n, Xu√¢n Ngh·ªã, Long ƒê·∫πp Trai, Qu·ªëc Thu·∫≠n...",2024-01-01 03:26:03.092475+00:00,UCkna2OcuN1E6u5I8GVtdkOw,Vie Channel ,46,https://i.ytimg.com/vi/hGsvJQ_HPJ0/default.jpg,https://i.ytimg.com/vi/hGsvJQ_HPJ0/mqdefault.jpg,https://i.ytimg.com/vi/hGsvJQ_HPJ0/hqdefault.jpg
PLxKLMN7WdG5BVxrYqmDLS0TkZbTAapG3d,The Masked Singer Vietnam All-star Concert 2023 | L√™n s√≥ng 21:00 t·ª´ 30/12,"#TheMaskedSingerVietNam #M√πa2 #CaSƒ©M·∫∑tN·∫° #Concert2023 #VieChannel #VieGI·∫¢ITR√ç #VieON #DatVietVAC

The Masked Singer Vietnam All-star Concert 2023 | L√™n s√≥ng 21:00 t·ª´ 30/12",2023-12-26 10:17:01.224644+00:00,UCkna2OcuN1E6u5I8GVtdkOw,Vie Channel ,130,https://i.ytimg.com/vi/aGykpL5W-Gs/default.jpg,https://i.ytimg.com/vi/aGykpL5W-Gs/mqdefault.jpg,https://i.ytimg.com/vi/aGykpL5W-Gs/hqdefault.jpg
PLxKLMN7WdG5AeYEViDVahvabyO9Se6v_0,Phim Vi·ªát m·ªõi Y√äU TR∆Ø·ªöC NG√ÄY C∆Ø·ªöI | 20h Th·ª© 6 - Th·ª© 7 h√†ng tu·∫ßn,"C√¢u chuy·ªán c·ªßa nh·ªØng ng∆∞·ªùi tr·∫ª y√™u c·ªüi m·ªü, s·ªëng ph√≥ng kho√°ng, trung th·ª±c v·ªõi c·∫£m x√∫c c·ªßa b·∫£n th√¢n

#YeuTruocNgayCuoi
#VieChannel #VieON #DatVietVAC
#SongLuan #MinhTrang #NhaPhuong #QuocAnh #SiThanh #BiMax #HuuVi",2023-11-10 08:13:16.804577+00:00,UCkna2OcuN1E6u5I8GVtdkOw,Vie Channel ,51,https://i.ytimg.com/vi/Xh_NhfVBlfU/default.jpg,https://i.ytimg.com/vi/Xh_NhfVBlfU/mqdefault.jpg,https://i.ytimg.com/vi/Xh_NhfVBlfU/hqdefault.jpg
PLxKLMN7WdG5BCP36GMlCsTCWxapsmnCeG,Rap Vi·ªát All-star Concert (2023) | 21:00 Th·ª© 7 H√†ng Tu·∫ßn,"#RapVietConcert #Concert2023 #RapVi·ªátM√πa3 #RapVietSeasson3 #VieChannelHTV2 #VieGi·∫£iTr√≠

Rap Vi·ªát All-star Concert (2023) | 21:00 Th·ª© 7 H√†ng Tu·∫ßn

Rap Vi·ªát All-Star Concert 2023 xem S·ªöM NH·∫§T v·ªõi ch·∫•t l∆∞·ª£ng 4K SI√äU N√âT l√∫c 20:00 Th·ª© 7 - 28/10 tr√™n VieON",2023-10-26 08:23:16.047891+00:00,UCkna2OcuN1E6u5I8GVtdkOw,Vie Channel ,105,https://i.ytimg.com/vi/W2-WIc5K0f0/default.jpg,https://i.ytimg.com/vi/W2-WIc5K0f0/mqdefault.jpg,https://i.ytimg.com/vi/W2-WIc5K0f0/hqdefault.jpg
PLxKLMN7WdG5Ani5Pkh4u5PyqiGHBDj4v2,[ LIVE STAGE ] | THE MASKED SINGER VIETNAM - Ca Sƒ© M·∫∑t N·∫° M√πa 2 2023,,2023-08-04 13:24:32.895768+00:00,UCkna2OcuN1E6u5I8GVtdkOw,Vie Channel ,17,https://i.ytimg.com/vi/NwviQVYw0Ng/default.jpg,https://i.ytimg.com/vi/NwviQVYw0Ng/mqdefault.jpg,https://i.ytimg.com/vi/NwviQVYw0Ng/hqdefault.jpg
PLxKLMN7WdG5ANJruYBhSGi5UBRUIhQTbi,Show √¢m nh·∫°c THE MASKED SINGER VIETNAM - Ca Sƒ© M·∫∑t N·∫° M√πa 2 2023,Show truy·ªÅn h√¨nh ƒë·∫≥ng c·∫•p t·∫°i h∆°n 40 qu·ªëc gia ƒë√£ s·∫µn s√†ng l√™n s√≥ng c√πng fan v√†o th√°ng 8 n√†y,2023-07-31 12:07:15.833152+00:00,UCkna2OcuN1E6u5I8GVtdkOw,Vie Channel ,144,https://i.ytimg.com/vi/RP9HG3KBR9c/default.jpg,https://i.ytimg.com/vi/RP9HG3KBR9c/mqdefault.jpg,https://i.ytimg.com/vi/RP9HG3KBR9c/hqdefault.jpg
PLxKLMN7WdG5DVrS_ua3GjHdIDetHpMfav,H√†nh Tr√¨nh Rap Vi·ªát | Rap Vi·ªát M√πa 3 2023,,2023-07-11 06:51:08.699435+00:00,UCkna2OcuN1E6u5I8GVtdkOw,Vie Channel ,9,https://i.ytimg.com/vi/eN_OGSfAIsA/default.jpg,https://i.ytimg.com/vi/eN_OGSfAIsA/mqdefault.jpg,https://i.ytimg.com/vi/eN_OGSfAIsA/hqdefault.jpg
PLxKLMN7WdG5CIpLQugICTg8En1Ltp1ctJ,Ti·∫øng H√†n Th·∫≠t Vui,,2023-06-07 10:37:13.882914+00:00,UCkna2OcuN1E6u5I8GVtdkOw,Vie Channel ,2,https://i.ytimg.com/img/no_thumbnail.jpg,https://i.ytimg.com/img/no_thumbnail.jpg,https://i.ytimg.com/img/no_thumbnail.jpg
PLxKLMN7WdG5A7SdaVsXe2musSE8K1AJ-_,[ LIVE STAGE ] | Rap Vi·ªát M√πa 3 (2023),Xem l·∫°i nh·ªØng m√†n tr√¨nh di·ªÖn c·ª±c ch√°y t·∫°i Rap Vi·ªát M√πa 3 2023,2023-05-27 09:06:37.670438+00:00,UCkna2OcuN1E6u5I8GVtdkOw,Vie Channel ,118,https://i.ytimg.com/vi/Cyxv7HawRXE/default.jpg,https://i.ytimg.com/vi/Cyxv7HawRXE/mqdefault.jpg,https://i.ytimg.com/vi/Cyxv7HawRXE/hqdefault.jpg
PLxKLMN7WdG5A3G7yvRoyuG300ZBPrldAv,H·∫≠u Tr∆∞·ªùng Rap Vi·ªát M√πa 3 2023,,2023-05-26 23:38:04.044097+00:00,UCkna2OcuN1E6u5I8GVtdkOw,Vie Channel ,179,https://i.ytimg.com/vi/9GB_BMrGsBY/default.jpg,https://i.ytimg.com/vi/9GB_BMrGsBY/mqdefault.jpg,https://i.ytimg.com/vi/9GB_BMrGsBY/hqdefault.jpg
PLxKLMN7WdG5CkjfnU7rh6VaHsEOvRkmnm,NG∆Ø·ªúI ·∫§Y L√Ä AI? M√πa 5 (2023) | 20:00 Th·ª© 6 h√†ng tu·∫ßn,"NG∆Ø·ªúI ·∫§Y L√Ä AI? - M√ôA 5 2023 | Show truy·ªÅn h√¨nh gi·∫£i tr√≠ truy t√¨m Ai l√† ƒê·ªôc Th√¢n - Ai ƒë√£ C√≥ Ch·ªß - Ai thu·ªôc Gi·ªõi T√≠nh Th·ª© 3

#Ng∆∞·ªùi·∫§yL√†Ai #NguoiAyLaAiMua5 #VieChannelHTV2",2023-05-16 08:00:44.655571+00:00,UCkna2OcuN1E6u5I8GVtdkOw,Vie Channel ,92,https://i.ytimg.com/vi/nlQ9B_sAaTY/default.jpg,https://i.ytimg.com/vi/nlQ9B_sAaTY/mqdefault.jpg,https://i.ytimg.com/vi/nlQ9B_sAaTY/hqdefault.jpg
PLxKLMN7WdG5Co3waYK4T0jFDIjWfEIFmy,"Phim Vi·ªát m·ªõi HOA V∆Ø∆†NG | 20:00 Th·ª© 2,3,4 h√†ng tu·∫ßn t·ª´ 8/5",B·ªô phim l√† c√¢u chuy·ªán tranh gi√†nh danh v·ªçng & quy·ªÅn l·ª±c gi·ªØa m·∫π k·∫ø v√† n√†ng d√¢u. C·∫£ 2 c√≥ v·∫ª ngo√†i ƒë√°ng th∆∞∆°ng & v√¥ h·∫°i; nh∆∞ng b√™n trong l·∫°i ·∫©n ch·ª©a nh·ªØng toan t√≠nh m∆∞u m√¥ nguy hi·ªÉm.,2023-04-13 09:20:12.886447+00:00,UCkna2OcuN1E6u5I8GVtdkOw,Vie Channel ,76,https://i.ytimg.com/vi/ME3tbLe2cvI/default.jpg,https://i.ytimg.com/vi/ME3tbLe2cvI/mqdefault.jpg,https://i.ytimg.com/vi/ME3tbLe2cvI/hqdefault.jpg
PLxKLMN7WdG5AoynjgTVFBX8yCm_4bMiuQ,Playlist n√†y l√† ƒë·ªÉ h√≥ng Rap Vi·ªát m√πa 3,,2023-03-21 09:38:29.676675+00:00,UCkna2OcuN1E6u5I8GVtdkOw,Vie Channel ,30,https://i.ytimg.com/vi/QahKVHeTQxw/default.jpg,https://i.ytimg.com/vi/QahKVHeTQxw/mqdefault.jpg,https://i.ytimg.com/vi/QahKVHeTQxw/hqdefault.jpg
PLxKLMN7WdG5DYy2yJiXnhMVnvNN1e31l7,RAP VI·ªÜT M√πa 3 (2023) | 20:00 Th·ª© 7 h√†ng tu·∫ßn,"#RapVi·ªátM√πa3 #RapVietSeasson3 #VieChannelHTV2 #VieGi·∫£iTr√≠

ƒê√≥n xem #RapVi·ªátM√πa3 s·∫Øp ph√°t s√≥ng tr√™n k√™nh truy·ªÅn h√¨nh Vie Channel - HTV2, Vie GI·∫¢ITR√ç v√† ·ª©ng d·ª•ng VieON",2023-03-17 12:26:25.394038+00:00,UCkna2OcuN1E6u5I8GVtdkOw,Vie Channel ,616,https://i.ytimg.com/vi/BpMO0Gn8WBo/default.jpg,https://i.ytimg.com/vi/BpMO0Gn8WBo/mqdefault.jpg,https://i.ytimg.com/vi/BpMO0Gn8WBo/hqdefault.jpg
PLxKLMN7WdG5Ddu4T4qbzgUbixCkeS_A5y,Ca nh·∫°c T·∫øt S√ìNG 23 | ƒê√™m Giao Th·ª´a | Xu√¢n Qu√Ω M√£o T·∫øt 2023,"Ch∆∞∆°ng tr√¨nh ca nh·∫°c gi·∫£i tr√≠ ƒê√™m Giao Th·ª´a ƒë·∫°t TOP 1 YouTube Trending 5 nƒÉm li·ªÅn, quy t·ª• 100 ca sƒ©, ngh·ªá sƒ© v√† g∆∞∆°ng m·∫∑t c√≥ t·∫ßm ·∫£nh h∆∞·ªüng nh·∫•t, c√πng nh·ªØng s·∫£n ph·∫©m gi·∫£i tr√≠ v√† c√°c c√¢u chuy·ªán truy·ªÅn c·∫£m h·ª©ng c√≥ gi√° tr·ªã nh·∫•t trong 1 nƒÉm v·ª´a qua.

üî∏MC: #Tr·∫•nTh√†nh #Th√∫yNg√¢n #B√≠chPh∆∞∆°ng #MyraTr·∫ßn #KaityNguy·ªÖn
üî∏Ca sƒ©: H√† Tr·∫ßn, Ng·ªçc Mai, Ho√†ng Th√πy Linh, V≈©, Tr√∫c Nh√¢n, ƒê·ª©c Ph√∫c, H√† Nhi, Ho√†ng D≈©ng, L∆∞∆°ng B√≠ch H·ªØu, Th√πy Chi, Ng√¥ Ki·∫øn Huy, Qu√¢n AP, Tr·ªçng Hi·∫øu, Mai Ti·∫øn D≈©ng, Anh T√∫, Da LAB, Madihu, Trang, B√πi C√¥ng Nam, Sofia‚Ä¶
üî∏The Masked Singer Vietnam - M√πa 2: Nh√¢n v·∫≠t mascot m·ªõi C√¥ M23
üî∏Rapper: hieuthuhai, Kay Tr·∫ßn, B Ray, Ricky Star, Lil'Wuyn, Kh√≥i
üî∏Ngh·ªá sƒ©: L√™ D∆∞∆°ng B·∫£o L√¢m, Ki·ªÅu Minh Tu·∫•n, Cris Phan, Ti·ªÉu Vy, Jun V≈©, L∆∞∆°ng Th√πy Linh, H·ª©a Kim Tuy·ªÅn, Ng√¥ M·∫°nh ƒê√¥ng ƒê√¥ng v√† nhi·ªÅu ngh·ªá sƒ© kh√°c",2023-01-07 00:32:24.232111+00:00,UCkna2OcuN1E6u5I8GVtdkOw,Vie Channel ,99,https://i.ytimg.com/vi/rVFNzTLaIik/default.jpg,https://i.ytimg.com/vi/rVFNzTLaIik/mqdefault.jpg,https://i.ytimg.com/vi/rVFNzTLaIik/hqdefault.jpg
PLxKLMN7WdG5AbHvsfnuBBOp9WQ5-vKxOw,H√†i T·∫æT  | Xu√¢n Qu√Ω M√£o T·∫øt 2023,"Chu·ªói ch∆∞∆°ng tr√¨nh H√†i T·∫æT, ch√†o ƒë√≥n Xu√¢n Qu√Ω M√£o 2023 ch·ªçn l·ªçc d√†nh cho kh√°n gi·∫£ Vi·ªát th∆∞·ªüng th·ª©c trong nƒÉm m·ªõi.

Tr·∫•n Th√†nh, Tr∆∞·ªùng Giang, H·ªìng V√¢n, Vi·ªát H∆∞∆°ng, Ch√≠ T√†i, B·∫£o Qu·ªëc, ƒê·∫°i Nghƒ©a, B·∫£o Chung, Trung D√¢n, B·∫£o Ch√¢u, T·∫•n Beo, Ki·ªÅu Oanh, L√™ Kh√°nh, C√°t Ph∆∞·ª£ng, Thu Trang, L∆∞∆°ng Th·∫ø Th√†nh, Lan Ph∆∞∆°ng, ·ªêc Thanh V√¢n, Xu√¢n Ngh·ªã, Long ƒê·∫πp Trai, Qu·ªëc Thu·∫≠n...",2023-01-02 03:53:23.857460+00:00,UCkna2OcuN1E6u5I8GVtdkOw,Vie Channel ,49,https://i.ytimg.com/vi/INGOqtj0K44/default.jpg,https://i.ytimg.com/vi/INGOqtj0K44/mqdefault.jpg,https://i.ytimg.com/vi/INGOqtj0K44/hqdefault.jpg
PLxKLMN7WdG5CXW8_MyYhRGJnXH5I3d9MB,T·ªïng h·ª£p S√ìNG XU√ÇN,,2022-12-28 04:36:06.142343+00:00,UCkna2OcuN1E6u5I8GVtdkOw,Vie Channel ,2,https://i.ytimg.com/img/no_thumbnail.jpg,https://i.ytimg.com/img/no_thumbnail.jpg,https://i.ytimg.com/img/no_thumbnail.jpg
PLxKLMN7WdG5C7EmVOyhdlv6mw7JBTlgtn,Road to TikTok Awards | Tiktok Awards Vi·ªát Nam 2022,,2022-12-27 10:10:40.630580+00:00,UCkna2OcuN1E6u5I8GVtdkOw,Vie Channel ,10,https://i.ytimg.com/vi/UUV69SBd-N4/default.jpg,https://i.ytimg.com/vi/UUV69SBd-N4/mqdefault.jpg,https://i.ytimg.com/vi/UUV69SBd-N4/hqdefault.jpg
PLxKLMN7WdG5CX6ML-_oLws9W2untHkmJC,"Phim Vi·ªát m·ªõi N·ªÆ CH·ª¶ | 21:00 Th·ª© 6 - Th·ª© 7, t·ª´ 13/1",ƒê√≥n xem phim h√†nh ƒë·ªông d√†i t·∫≠p ƒë·∫ßu ti√™n t·∫°i Vi·ªát Nam ƒë∆∞·ª£c ph√°t tr√™n ·ª©ng d·ª•ng VieON v√† YouTube. MiniSeries h√†nh ƒë·ªông c·ªßa VieON #Th√∫yNg√¢n #VieON,2022-12-26 12:13:58.546694+00:00,UCkna2OcuN1E6u5I8GVtdkOw,Vie Channel ,39,https://i.ytimg.com/vi/xA-vWyu1QUk/default.jpg,https://i.ytimg.com/vi/xA-vWyu1QUk/mqdefault.jpg,https://i.ytimg.com/vi/xA-vWyu1QUk/hqdefault.jpg
PLxKLMN7WdG5DVwpnXcmdY2dvI-Vpq69Cg,Live concert The Masked Singer All-Star 2022,,2022-12-08 04:45:24.801357+00:00,UCkna2OcuN1E6u5I8GVtdkOw,Vie Channel ,47,https://i.ytimg.com/vi/cm5JYff8_bg/default.jpg,https://i.ytimg.com/vi/cm5JYff8_bg/mqdefault.jpg,https://i.ytimg.com/vi/cm5JYff8_bg/hqdefault.jpg
PLxKLMN7WdG5AaEsLFlDG_sUjOQqxYXe6D,NHANH NH∆Ø CH·ªöP NH√ç M√ôA 4 - 2022 | 20:00 Ch·ªß Nh·∫≠t h√†ng tu·∫ßn,Nhanh Nh∆∞ Ch·ªõp Nh√≠ M√πa 4 - 2022 - Ch∆∞∆°ng tr√¨nh gi·∫£i tr√≠ vui nh·ªôn d√†nh cho m·∫π v√† b√© #H√≤aMinzy #Ng√¥Ki·∫ønHuy #ƒê·ª©cPh√∫c #Erik #JunPh·∫°m #QuangTrung #DuyKh√°nh,2022-09-23 09:58:20.087892+00:00,UCkna2OcuN1E6u5I8GVtdkOw,Vie Channel ,39,https://i.ytimg.com/vi/i-2PWh1O7zw/default.jpg,https://i.ytimg.com/vi/i-2PWh1O7zw/mqdefault.jpg,https://i.ytimg.com/vi/i-2PWh1O7zw/hqdefault.jpg
PLxKLMN7WdG5AtunfydnC6JjVRg6ZHuv5O,THE MASKED SINGER VIETNAM - Ca Sƒ© M·∫∑t N·∫° [ Audio Lyrics ],"Show truy·ªÅn h√¨nh ƒë·∫≥ng c·∫•p t·∫°i h∆°n 40 qu·ªëc gia ƒë√£ s·∫µn s√†ng l√™n s√≥ng c√πng fan v√†o th√°ng 7 n√†y
Tr·∫•n Th√†nh, T√≥c Ti√™n, Wowy
Ng√¥ Ki·∫øn Huy",2022-07-29 02:18:17.140895+00:00,UCkna2OcuN1E6u5I8GVtdkOw,Vie Channel ,87,https://i.ytimg.com/vi/O7Amz-wKUP4/default.jpg,https://i.ytimg.com/vi/O7Amz-wKUP4/mqdefault.jpg,https://i.ytimg.com/vi/O7Amz-wKUP4/hqdefault.jpg
PLxKLMN7WdG5D4MGHDGcQoN-RdQ3gt5aYB,THE MASKED SINGER VIETNAM - Ca Sƒ© M·∫∑t N·∫° [ Live Stage ],"Show truy·ªÅn h√¨nh ƒë·∫≥ng c·∫•p t·∫°i h∆°n 40 qu·ªëc gia ƒë√£ s·∫µn s√†ng l√™n s√≥ng c√πng fan v√†o th√°ng 7 n√†y
Tr·∫•n Th√†nh, T√≥c Ti√™n, Wowy
Ng√¥ Ki·∫øn Huy",2022-07-19 04:09:11.726488+00:00,UCkna2OcuN1E6u5I8GVtdkOw,Vie Channel ,101,https://i.ytimg.com/vi/isBXXAs48z8/default.jpg,https://i.ytimg.com/vi/isBXXAs48z8/mqdefault.jpg,https://i.ytimg.com/vi/isBXXAs48z8/hqdefault.jpg
PLxKLMN7WdG5BWHdFTvFDJWLBGxwK5sMwp,Ai R·ªìi C≈©ng N√≥ng,,2022-07-10 11:01:20.256595+00:00,UCkna2OcuN1E6u5I8GVtdkOw,Vie Channel ,7,https://i.ytimg.com/vi/7g-kxeucFeg/default.jpg,https://i.ytimg.com/vi/7g-kxeucFeg/mqdefault.jpg,https://i.ytimg.com/vi/7g-kxeucFeg/hqdefault.jpg
PLxKLMN7WdG5Avp-FsAOfH1cbLmjVqRonG,Show √¢m nh·∫°c THE MASKED SINGER VIETNAM - Ca Sƒ© M·∫∑t N·∫°,"Show truy·ªÅn h√¨nh ƒë·∫≥ng c·∫•p t·∫°i h∆°n 40 qu·ªëc gia ƒë√£ s·∫µn s√†ng l√™n s√≥ng c√πng fan v√†o th√°ng 7 n√†y
Tr·∫•n Th√†nh, T√≥c Ti√™n, Wowy
Ng√¥ Ki·∫øn Huy",2022-07-07 11:51:52.010767+00:00,UCkna2OcuN1E6u5I8GVtdkOw,Vie Channel ,431,https://i.ytimg.com/vi/EzOH-gZOgR0/default.jpg,https://i.ytimg.com/vi/EzOH-gZOgR0/mqdefault.jpg,https://i.ytimg.com/vi/EzOH-gZOgR0/hqdefault.jpg
PLxKLMN7WdG5DkJSlsrkCn72snqXJQGYC1,"Phim Vi·ªát m·ªõi ANH Y√äU EM ƒê∆Ø·ª¢C BAO L√ÇU | Th·ª© 2-3-4 h√†ng tu·∫ßn, t·ª´ 27/6",#VieChannel #PhimVi·ªát #AnhY√™uEmƒê∆∞·ª£cBaoL√¢u,2022-06-27 06:52:29.429579+00:00,UCkna2OcuN1E6u5I8GVtdkOw,Vie Channel ,17,https://i.ytimg.com/vi/OffmBPuAjZM/default.jpg,https://i.ytimg.com/vi/OffmBPuAjZM/mqdefault.jpg,https://i.ytimg.com/vi/OffmBPuAjZM/hqdefault.jpg
PLxKLMN7WdG5A2sDcN2lb3x82JGT6zXEdK,Phim Vi·ªát m·ªõi GI·∫§C M∆† C·ª¶A M·∫∏ | Xem tr·ªçn b·ªô ho√†n to√†n mi·ªÖn ph√≠ tr√™n ·ª©ng d·ª•ng VieON,"Gi·∫•c M∆° C·ªßa M·∫π - L·ªùi gi√£i b√†y ch√¢n th·∫≠t v·ªÅ n·ªói l√≤ng c·ªßa m·∫π

Xem tr·ªçn b·ªô ho√†n to√†n mi·ªÖn ph√≠ tr√™n ·ª©ng d·ª•ng VieON: https://vieon.vn/giac-mo-cua-me.html

#VieON #GiacMoCuaMe #NSNDHongVan #NSUTHuuChau #NhanPhucVinh #DiemMy9x #TranNgocVang",2022-06-27 02:35:09.535845+00:00,UCkna2OcuN1E6u5I8GVtdkOw,Vie Channel ,239,https://i.ytimg.com/img/no_thumbnail.jpg,https://i.ytimg.com/img/no_thumbnail.jpg,https://i.ytimg.com/img/no_thumbnail.jpg
PLxKLMN7WdG5B6aDPtYoH7WnaicOnVvyOs,SI√äU TR√ç TU·ªÜ VI·ªÜT NAM - M√ôA 3,,2022-05-20 12:54:16.307931+00:00,UCkna2OcuN1E6u5I8GVtdkOw,Vie Channel ,1,https://i.ytimg.com/vi/_p6i30G1Dqc/default.jpg,https://i.ytimg.com/vi/_p6i30G1Dqc/mqdefault.jpg,https://i.ytimg.com/vi/_p6i30G1Dqc/hqdefault.jpg
PLxKLMN7WdG5A_4lmORALGO5P0SCJJvBhH,D·∫•u ·∫§n H·ªá B·∫£n Lƒ©nh,,2022-05-15 02:15:34.153076+00:00,UCkna2OcuN1E6u5I8GVtdkOw,Vie Channel ,15,https://i.ytimg.com/vi/3WYeUtr0co8/default.jpg,https://i.ytimg.com/vi/3WYeUtr0co8/mqdefault.jpg,https://i.ytimg.com/vi/3WYeUtr0co8/hqdefault.jpg
PLxKLMN7WdG5AlMSMt0kMJj56A1BKJQdwX,#short NG∆Ø·ªúI ·∫§Y L√Ä AI? - 2022,,2022-05-12 03:40:29.143479+00:00,UCkna2OcuN1E6u5I8GVtdkOw,Vie Channel ,1,https://i.ytimg.com/vi/LAjvRfaKvEk/default.jpg,https://i.ytimg.com/vi/LAjvRfaKvEk/mqdefault.jpg,https://i.ytimg.com/vi/LAjvRfaKvEk/hqdefault.jpg
PLxKLMN7WdG5DCHy-x9vyYeIcLlpuG1DSy,Show m·ªõi NG∆Ø·ªúI ·∫§Y L√Ä AI? - 2022 | 20:00 th·ª© 6 h√†ng tu·∫ßn,,2022-02-28 08:56:49.095648+00:00,UCkna2OcuN1E6u5I8GVtdkOw,Vie Channel ,293,https://i.ytimg.com/vi/4aS1ohlf_qE/default.jpg,https://i.ytimg.com/vi/4aS1ohlf_qE/mqdefault.jpg,https://i.ytimg.com/vi/4aS1ohlf_qE/hqdefault.jpg
PLxKLMN7WdG5CB8wHtajlEnQkBxIm9NMMz,Ca nh·∫°c T·∫øt S√ìNG 22 | ƒê√™m Giao Th·ª´a | Xu√¢n Nh√¢m D·∫ßn T·∫øt 2022,,2022-01-22 07:40:22.333590+00:00,UCkna2OcuN1E6u5I8GVtdkOw,Vie Channel ,102,https://i.ytimg.com/vi/po9ho1OOFig/default.jpg,https://i.ytimg.com/vi/po9ho1OOFig/mqdefault.jpg,https://i.ytimg.com/vi/po9ho1OOFig/hqdefault.jpg
PLxKLMN7WdG5DWhSrSe8xyWu4p06V79Bq9,K·∫øt n·ªëi c√πng RAP VI·ªÜT - M√πa 2,,2021-12-10 03:52:40.817828+00:00,UCkna2OcuN1E6u5I8GVtdkOw,Vie Channel ,207,https://i.ytimg.com/vi/Yj59docJd4M/default.jpg,https://i.ytimg.com/vi/Yj59docJd4M/mqdefault.jpg,https://i.ytimg.com/vi/Yj59docJd4M/hqdefault.jpg
PLxKLMN7WdG5AcsvMAZeS-_Xh-TMCzYSjE,SI√äU TH·ª¨ TH√ÅCH | BESTCUT FULL,,2021-12-06 03:29:29.692642+00:00,UCkna2OcuN1E6u5I8GVtdkOw,Vie Channel ,0,https://i.ytimg.com/img/no_thumbnail.jpg,https://i.ytimg.com/img/no_thumbnail.jpg,https://i.ytimg.com/img/no_thumbnail.jpg
PLxKLMN7WdG5D-qkiQsNY1_cm6u9DqiupN,H√†nh Tr√¨nh Rap Vi·ªát,,2021-11-25 09:11:46.624326+00:00,UCkna2OcuN1E6u5I8GVtdkOw,Vie Channel ,62,https://i.ytimg.com/vi/-GzybnTtEW8/default.jpg,https://i.ytimg.com/vi/-GzybnTtEW8/mqdefault.jpg,https://i.ytimg.com/vi/-GzybnTtEW8/hqdefault.jpg
PLxKLMN7WdG5BUZ9adHDdC6eLA18pMqriv,SI√äU TH·ª¨ TH√ÅCH | 20:00 th·ª© 6 h√†ng tu·∫ßn,"üí¢Si√™u Th·ª≠ Th√°chüí¢ ph√°t s√≥ng l√∫c 20h th·ª© S√°u h√†ng tu·∫ßn tr√™n ·ª©ng d·ª•ng #VieON v√† K√™nh truy·ªÅn h√¨nh: #VieChannel, #VieGI·∫¢ITR√ç",2021-11-05 12:01:19.255702+00:00,UCkna2OcuN1E6u5I8GVtdkOw,Vie Channel ,148,https://i.ytimg.com/vi/cWCHBOWKigg/default.jpg,https://i.ytimg.com/vi/cWCHBOWKigg/mqdefault.jpg,https://i.ytimg.com/vi/cWCHBOWKigg/hqdefault.jpg
PLxKLMN7WdG5AWrz8pUIvEWc7r84cQ7xnn,RAP VI·ªÜT - M√πa 2 [ Uncut ],"Nh·ªØng g√¨ ch∆∞a xu·∫•t hi·ªán t·∫°i phi√™n b·∫£n ch√≠nh th·ª©c Rap Vi·ªát m√πa 2, s·∫Ω xu·∫•t hi·ªán t·∫°i ƒë√¢y",2021-10-21 02:51:11.159910+00:00,UCkna2OcuN1E6u5I8GVtdkOw,Vie Channel ,32,https://i.ytimg.com/vi/eNGU4RzOzok/default.jpg,https://i.ytimg.com/vi/eNGU4RzOzok/mqdefault.jpg,https://i.ytimg.com/vi/eNGU4RzOzok/hqdefault.jpg
PLxKLMN7WdG5CUltZ-DBgqBFiTdyy6bBim,RAP VI·ªÜT - M√πa 2 [ H·∫≠u tr∆∞·ªùng ƒë·ªôc quy·ªÅn ],"Qu·∫©y t∆∞ng, h·ªèi t·∫•t, bi·∫øt t·∫ßn t·∫≠t c·∫£ h·∫≠u tr∆∞·ªùng Rap Vi·ªát m√πa 2",2021-10-20 08:31:59.761459+00:00,UCkna2OcuN1E6u5I8GVtdkOw,Vie Channel ,213,https://i.ytimg.com/vi/u9miFD5Q-8I/default.jpg,https://i.ytimg.com/vi/u9miFD5Q-8I/mqdefault.jpg,https://i.ytimg.com/vi/u9miFD5Q-8I/hqdefault.jpg
PLxKLMN7WdG5BlaEY8jc44b64YaICN2-tu,RAP VI·ªÜT - M√πa 2 [ MV Lyrics ],Th·∫•m t·ª´ng ch·ªØ v·ªõi lyrics b√†i h√°t Rap Vi·ªát m√πa 2,2021-10-18 01:24:04.524776+00:00,UCkna2OcuN1E6u5I8GVtdkOw,Vie Channel ,98,https://i.ytimg.com/vi/dLaJRXiDU24/default.jpg,https://i.ytimg.com/vi/dLaJRXiDU24/mqdefault.jpg,https://i.ytimg.com/vi/dLaJRXiDU24/hqdefault.jpg
PLxKLMN7WdG5Bgboxx4uxKdBaXkD8l9Gaq,TEASER RAP VI·ªÜT - M√πa 2 | Xem s·ªõm nh·∫•t & tr·ªçn b·ªô tr√™n VieON,Xem s·ªõm nh·∫•t v√† tr·ªçn b·ªô Rap Vi·ªát m√πa 2 tr√™n si√™u ·ª©ng d·ª•ng gi·∫£i tr√≠ VieON,2021-10-16 10:45:40.666717+00:00,UCkna2OcuN1E6u5I8GVtdkOw,Vie Channel ,14,https://i.ytimg.com/vi/0zlERjxCoAY/default.jpg,https://i.ytimg.com/vi/0zlERjxCoAY/mqdefault.jpg,https://i.ytimg.com/vi/0zlERjxCoAY/hqdefault.jpg
PLxKLMN7WdG5D1HtST8PnD6nPKIpkGnnC2,RAP VI·ªÜT - M√πa 2 [ Live Stage ],Xem l·∫°i nh·ªØng m√†n tr√¨nh di·ªÖn c·ª±c ch√°y t·∫°i Rap Vi·ªát m√πa 2,2021-10-15 12:13:44.209614+00:00,UCkna2OcuN1E6u5I8GVtdkOw,Vie Channel ,129,https://i.ytimg.com/vi/L9ycs52kWx8/default.jpg,https://i.ytimg.com/vi/L9ycs52kWx8/mqdefault.jpg,https://i.ytimg.com/vi/L9ycs52kWx8/hqdefault.jpg
PLxKLMN7WdG5B7BV8zfGNN8hA-UMjKNYEA,ƒêang ph√°t s√≥ng Th·ª≠ Th√°ch Nghi·ªát Ng√£,,2021-08-25 02:35:56.600199+00:00,UCkna2OcuN1E6u5I8GVtdkOw,Vie Channel ,6,https://i.ytimg.com/img/no_thumbnail.jpg,https://i.ytimg.com/img/no_thumbnail.jpg,https://i.ytimg.com/img/no_thumbnail.jpg
PLxKLMN7WdG5CoD_k_i1Nh0SZn7vVHOuU8,GI·∫¢I TR√ç M√ôA D·ªäCH | ƒê√≥n xem l√∫c 21h Th·ª© 2 - Th·ª© 6 tr√™n YouTube Vie Channel,"Th·ªùi Covid ai ai c≈©ng th√®m c√°c m√≥n ƒÉn ngon, c√°c cu·ªôc h·∫πn h√≤, hay ƒë∆°n gi·∫£n l√† mu·ªën v√†i ti·∫øng c∆∞·ªùi ƒë·ªÉ x·∫£ stress. M·ªùi c√°c b·∫°n theo d√µi series c√°c n·ªôi dung gi·∫£i tr√≠ vui v·∫ª ƒë·ªÉ gi·∫£i t·ªèa tinh th·∫ßn, c√πng nhau v∆∞·ª£t qua m√πa d·ªãch th·∫≠t t√≠ch c·ª±c nh√©!",2021-08-16 10:16:44.502731+00:00,UCkna2OcuN1E6u5I8GVtdkOw,Vie Channel ,67,https://i.ytimg.com/img/no_thumbnail.jpg,https://i.ytimg.com/img/no_thumbnail.jpg,https://i.ytimg.com/img/no_thumbnail.jpg
PLxKLMN7WdG5DIa8T9nt0h9iPnpV-_yO7S,ƒêang ph√°t s√≥ng S√ìNG X√î L·∫º PH·∫¢I | Phim gia ƒë√¨nh Vi·ªát - ph√°t online l·∫ßn ƒë·∫ßu nƒÉm 2021,ƒê√≥n xem l√∫c 18:00 th·ª© 5-6-7 h√†ng tu·∫ßn t·ª´ 12/8,2021-08-10 04:46:57.466312+00:00,UCkna2OcuN1E6u5I8GVtdkOw,Vie Channel ,141,https://i.ytimg.com/img/no_thumbnail.jpg,https://i.ytimg.com/img/no_thumbnail.jpg,https://i.ytimg.com/img/no_thumbnail.jpg
PLxKLMN7WdG5AhiYKGH1yZU99rhBDwZjcu,G√ï C·ª¨A NH√Ä T√ÅO,,2021-08-04 10:16:37.870313+00:00,UCkna2OcuN1E6u5I8GVtdkOw,Vie Channel ,35,https://i.ytimg.com/vi/bg6tA9Qn5oI/default.jpg,https://i.ytimg.com/vi/bg6tA9Qn5oI/mqdefault.jpg,https://i.ytimg.com/vi/bg6tA9Qn5oI/hqdefault.jpg
PLxKLMN7WdG5DaSXZIrwOu_V_5hKK1cvRk,Cypher Call,,2021-08-04 09:19:30.568303+00:00,UCkna2OcuN1E6u5I8GVtdkOw,Vie Channel ,51,https://i.ytimg.com/vi/b-nyfdBLXEE/default.jpg,https://i.ytimg.com/vi/b-nyfdBLXEE/mqdefault.jpg,https://i.ytimg.com/vi/b-nyfdBLXEE/hqdefault.jpg
PLxKLMN7WdG5BcBxCHl7yy6pInPRrmRHkT,Live concert RAP VI·ªÜT ALL-STAR 2021 | ƒê√≥n xem l√∫c 20h ng√†y 12 & 19/6 tr√™n YouTube Vie Channel,,2021-06-10 06:48:38.961536+00:00,UCkna2OcuN1E6u5I8GVtdkOw,Vie Channel ,82,https://i.ytimg.com/vi/0t_ZJgu1P8s/default.jpg,https://i.ytimg.com/vi/0t_ZJgu1P8s/mqdefault.jpg,https://i.ytimg.com/vi/0t_ZJgu1P8s/hqdefault.jpg
PLxKLMN7WdG5DwAJ-EPwpucowl3JYTAqxp,C√ÇY T√ÅO N·ªû HOA Ngo·∫°i Truy·ªán,ƒê√£ xem C√¢y T√°o N·ªü Hoa th√¨ kh√¥ng th·ªÉ b·ªè qua Chuy·ªán Nh√† T√°o!!!,2021-04-15 09:55:24.210086+00:00,UCkna2OcuN1E6u5I8GVtdkOw,Vie Channel ,66,https://i.ytimg.com/vi/tNw7l-GYzMc/default.jpg,https://i.ytimg.com/vi/tNw7l-GYzMc/mqdefault.jpg,https://i.ytimg.com/vi/tNw7l-GYzMc/hqdefault.jpg
PLxKLMN7WdG5BYRUFu_2Zyatu1caOsxtmf,Show √¢m nh·∫°c RAP VI·ªÜT - M√πa 2,"Rap Vi·ªát m√πa 2 ph√°t s√≥ng l√∫c 20h th·ª© 7 h√†ng tu·∫ßn, t·ª´ 16/10 tr√™n si√™u ·ª©ng d·ª•ng gi·∫£i tr√≠ VieON v√† k√™nh truy·ªÅn h√¨nh Vie Channel",2021-04-08 10:42:27.787248+00:00,UCkna2OcuN1E6u5I8GVtdkOw,Vie Channel ,819,https://i.ytimg.com/vi/pQ6pLiYoKtc/default.jpg,https://i.ytimg.com/vi/pQ6pLiYoKtc/mqdefault.jpg,https://i.ytimg.com/vi/pQ6pLiYoKtc/hqdefault.jpg
PLxKLMN7WdG5DB242Cbq0M2Rxz1L3TuZgc,"Phim 8/3 KHI ƒê√ÄN √îNG L√Ä S·ªê 0 | Th√°i H√≤a, Tu·∫•n Tr·∫ßn, T∆∞·ªùng Vy...","Khi ƒë√†n √¥ng l√† s·ªë 0 ƒë∆∞a kh√°n gi·∫£ ƒë·∫øn v·ªõi m·ªôt th·∫ø gi·ªõi ƒë·∫£o ng∆∞·ª£c, n∆°i ph·ª• n·ªØ s·∫Ω tr·ªü th√†nh ph√°i m·∫°nh trong gia ƒë√¨nh l·∫´n ngo√†i x√£ h·ªôi, c√≤n ƒë√†n √¥ng ho√†n to√†n th·∫•t th·∫ø, ph·∫£i lo t·ªÅ gia n·ªôi tr·ª£, gi·ªØ g√¨n ti·∫øt h·∫°nh v√† ph·ª•c t√πng v√¥ s·ªë lu·∫≠t l·ªá ng∆∞·ª£c ƒë·ªùi.",2021-03-05 04:19:50.118493+00:00,UCkna2OcuN1E6u5I8GVtdkOw,Vie Channel ,59,https://i.ytimg.com/img/no_thumbnail.jpg,https://i.ytimg.com/img/no_thumbnail.jpg,https://i.ytimg.com/img/no_thumbnail.jpg
PLxKLMN7WdG5CB2QM9Q9XrdfJf6ehzeKIg,Phim Vi·ªát C√ÇY T√ÅO N·ªû HOA | Tr·ªçn b·ªô phim hay,"Phim gia ƒë√¨nh Vi·ªát v·ªõi s·ª± tham gia c·ªßa c√°c di·ªÖn vi√™n: Th√°i H√≤a, H·ªìng √Ånh, Tr∆∞∆°ng Th·∫ø Vinh, Th√∫y Ng√¢n, Nh√£ Ph∆∞∆°ng, Song Lu·∫≠n, Tr·ªãnh Th·∫£o, Lan H∆∞∆°ng, Ho√†ng Phi, Minh Trang, B Tr·∫ßn, ƒê·ªó An, VƒÉn Anh...",2021-02-08 06:29:12.938198+00:00,UCkna2OcuN1E6u5I8GVtdkOw,Vie Channel ,545,https://i.ytimg.com/img/no_thumbnail.jpg,https://i.ytimg.com/img/no_thumbnail.jpg,https://i.ytimg.com/img/no_thumbnail.jpg
PLxKLMN7WdG5CpjStjIrYDDM8WwZc9GDOU,Ca nh·∫°c T·∫øt S√ìNG 21 | ƒê√™m Giao Th·ª´a | Xu√¢n T√¢n S·ª≠u T·∫øt 2021,"S√≥ng 21 l√† ch∆∞∆°ng tr√¨nh ca nh·∫°c, rap, h√†i k·ªãch v√† talkshow ph√°t s√≥ng ƒê√™m Giao Th·ª´a 2021, v·ªõi s·ª± tham gia c·ªßa h∆°n 100 ngh·ªá sƒ© hot nh·∫•t hi·ªán nay: Jack, Ho√†ng Th√πy Linh, Min, B·∫£o Anh, Miu L√™, Erik, ƒê·ª©c Ph√∫c, L√™ Hi·∫øu, Ho√†ng D≈©ng, Hi·ªÅn H·ªì, Amee, Phan M·∫°nh Qu·ª≥nh, Qu√¢n A.P, Dalab, Sunny H·∫° Linh‚Ä¶, c√°c ngh·ªá sƒ©: NSND H·ªìng V√¢n, NS∆ØT Ho√†i Linh, H·ª©a Minh ƒê·∫°t, Puka, Hu·ª≥nh L·∫≠p, Duy Kh√°nh, ƒë·∫∑c bi·ªát l√† s·ª± xu·∫•t hi·ªán c·ªßa c√°c HLV, Gi√°m kh·∫£o v√† th√≠ sinh ƒë·∫øn t·ª´ Rap Vi·ªát ‚Äì TV show ƒë√¨nh ƒë√°m nh·∫•t Vi·ªát Nam 2020: JustaTee, Rhymastic, Wowy, D·∫ø Cho·∫Øt, G.Ducky, 

#S√≥ng21 #S√≥ng_21
#VieChannelHTV2 #VieGI·∫¢ITR√ç #VieDramas
#2021 #Xu√¢nT√¢nS·ª≠u #T·∫øt2021",2021-02-04 03:31:17.621439+00:00,UCkna2OcuN1E6u5I8GVtdkOw,Vie Channel ,114,https://i.ytimg.com/vi/ActMRsWc8j8/default.jpg,https://i.ytimg.com/vi/ActMRsWc8j8/mqdefault.jpg,https://i.ytimg.com/vi/ActMRsWc8j8/hqdefault.jpg
PLxKLMN7WdG5BeRxnaGy8Bg-nsATssmasD,Phim Vi·ªát S·ªê ƒê·ªòC ƒê·∫ÆC,"Phim T·∫øt 2021 h·∫•p d·∫´n nh·∫•t ch√†o ƒë√≥n Xu√¢n T√¢n S·ª≠u v·ªõi s·ª± tham gia c·ªßa: Jun Ph·∫°m, Puka, Ng·ªçc Trai, Lan H∆∞∆°ng, H·ªØu T√≠n, L√™ L·ªôc...
#S·ªëƒê·ªôcƒê·∫Øc #S·ªë_ƒê·ªôc_ƒê·∫Øc #VieChannelHTV2 #VieGI·∫¢ITR√ç
#2021 #Xu√¢nT√¢nS·ª≠u #T·∫øt2021",2021-01-01 07:50:58.069327+00:00,UCkna2OcuN1E6u5I8GVtdkOw,Vie Channel ,84,https://i.ytimg.com/vi/nYGMPMMwQ3I/default.jpg,https://i.ytimg.com/vi/nYGMPMMwQ3I/mqdefault.jpg,https://i.ytimg.com/vi/nYGMPMMwQ3I/hqdefault.jpg
PLxKLMN7WdG5CH5eV_dJbcOtNPXDse8nZr,Phim Vi·ªát B·∫¢N NƒÇNG Y√äU,"Xoay quanh t√¨nh y√™u m√£nh li·ªát c·ªßa Ng·ªçc Di·ªáp - B√¨nh Minh - H√† Tr√≠ Quang v·ªõi k·ªãch b·∫£n h·∫•p d·∫´n, nhi·ªÅu n√∫t th·∫Øt m·ªü b·∫•t ng·ªù

#B·∫£nNƒÉngY√™u #B·∫£n_NƒÉng_Y√™u
#VieChannelHTV2 #VieGI·∫¢ITR√ç
#2021 #Xu√¢nT√¢nS·ª≠u #T·∫øt2021",2020-12-08 02:17:36.438630+00:00,UCkna2OcuN1E6u5I8GVtdkOw,Vie Channel ,87,https://i.ytimg.com/img/no_thumbnail.jpg,https://i.ytimg.com/img/no_thumbnail.jpg,https://i.ytimg.com/img/no_thumbnail.jpg
PLxKLMN7WdG5A1s2XAZSthwTiwpQpC0Cpv,Mai V√†ng 2020,,2020-11-16 10:30:18.678370+00:00,UCkna2OcuN1E6u5I8GVtdkOw,Vie Channel ,9,https://i.ytimg.com/vi/xZR62rSt6YA/default.jpg,https://i.ytimg.com/vi/xZR62rSt6YA/mqdefault.jpg,https://i.ytimg.com/vi/xZR62rSt6YA/hqdefault.jpg
PLxKLMN7WdG5CJzon9igLj2Zf8LuvNHeTj,SI√äU TR√ç TU·ªÜ VI·ªÜT NAM - M√ôA 2 | Show tr√≠ tu·ªá ƒë∆∞·ª£c y√™u th√≠ch nh·∫•t 2020,"Show gi·∫£i tr√≠ tr√≠ tu·ªá ƒë·∫ßu ti√™n t·∫°i Vi·ªát Nam v·ªõi s·ª± tham gia c·ªßa Tr·∫•n Th√†nh, T√≥c Ti√™n, L·∫°i VƒÉn S√¢m, Tr·∫ßn Th√†nh Nam...

#Si√™uTr√≠Tu·ªá #Si√™u_Tr√≠_Tu·ªá
#VieChannelHTV2 #VieGI·∫¢ITR√ç
#2021 #Xu√¢nT√¢nS·ª≠u #T·∫øt2021",2020-11-13 15:56:33.928615+00:00,UCkna2OcuN1E6u5I8GVtdkOw,Vie Channel ,348,https://i.ytimg.com/vi/rduDXvi99ig/default.jpg,https://i.ytimg.com/vi/rduDXvi99ig/mqdefault.jpg,https://i.ytimg.com/vi/rduDXvi99ig/hqdefault.jpg
PLxKLMN7WdG5BsE4N3xyDRXAYfPgqbuY85,Bestcut GNGT2,,2020-10-27 10:01:15.960240+00:00,UCkna2OcuN1E6u5I8GVtdkOw,Vie Channel ,240,https://i.ytimg.com/vi/nnwMlN6qFoo/default.jpg,https://i.ytimg.com/vi/nnwMlN6qFoo/mqdefault.jpg,https://i.ytimg.com/vi/nnwMlN6qFoo/hqdefault.jpg
PLxKLMN7WdG5CqFKq7urCeV2o_kTk0Xjul,Phim Vi·ªát CH·ªåC T·ª®C V·ª¢ Y√äU | Tr·ªçn b·ªô phim hay,B·ªô phim ƒë∆∞·ª£c chuy·ªÉn th·ªÉ t·ª´ b·ªô truy·ªán ng√¥n t√¨nh Trung Qu·ªëc c√πng t√™n - top 10 truy·ªán ng√¥n t√¨nh Trung Qu·ªëc ƒë∆∞·ª£c y√™u th√≠ch nh·∫•t,2020-09-30 10:02:05.038511+00:00,UCkna2OcuN1E6u5I8GVtdkOw,Vie Channel ,112,https://i.ytimg.com/vi/_SnwBbXUFfI/default.jpg,https://i.ytimg.com/vi/_SnwBbXUFfI/mqdefault.jpg,https://i.ytimg.com/vi/_SnwBbXUFfI/hqdefault.jpg
PLxKLMN7WdG5BEcAjr8FkpOAIf7qm8pK7p,B·∫æP VUI B√ôNG V·ªä | Show h√†i ·∫©m th·ª±c,"Mu·ªën ƒÉn ph·∫£i lƒÉn kh·∫Øp b·∫øp c√πng Tr∆∞·ªùng Giang, Hari Won, L√¢m V·ªπ D·∫°, Quang Trung, L√™ D∆∞∆°ng B·∫£o L√¢m, Puka, BB Tr·∫ßn, H·∫£i Tri·ªÅu, Kh·∫£ Nh∆∞, Elly Tr·∫ßn, ƒê·ªó Kh√°nh V√¢n, V√µ ƒêƒÉng Khoa, Nam Th∆∞, Tr∆∞∆°ng Th·∫ø Vinh, Wowy, LƒÉng LD, DJ Mie, Yuno Bigboi, Gin Tu·∫•n Ki·ªát, Ph√°t La...

#B·∫øpVuiB√πngV·ªã #B·∫øp_Vui_B√πng_V·ªã
#VieChannelHTV2 #VieGI·∫¢ITR√ç
#2021 #Xu√¢nT√¢nS·ª≠u #T·∫øt2021",2020-09-23 10:51:57.854450+00:00,UCkna2OcuN1E6u5I8GVtdkOw,Vie Channel ,238,https://i.ytimg.com/vi/xECB2J0S3iI/default.jpg,https://i.ytimg.com/vi/xECB2J0S3iI/mqdefault.jpg,https://i.ytimg.com/vi/xECB2J0S3iI/hqdefault.jpg
PLxKLMN7WdG5Bov8ViLgsNXe6aIiQm96M_,RAP VI·ªÜT [ MV Lyrics ],,2020-08-04 11:35:40.367106+00:00,UCkna2OcuN1E6u5I8GVtdkOw,Vie Channel ,105,https://i.ytimg.com/vi/5bNpeT2silk/default.jpg,https://i.ytimg.com/vi/5bNpeT2silk/mqdefault.jpg,https://i.ytimg.com/vi/5bNpeT2silk/hqdefault.jpg
PLxKLMN7WdG5AGYNkC_nn05Bg4TwqA9Sp3,RAP VI·ªÜT [ H·∫≠u tr∆∞·ªùng ƒë·ªôc quy·ªÅn ],,2020-08-04 11:31:46.903892+00:00,UCkna2OcuN1E6u5I8GVtdkOw,Vie Channel ,221,https://i.ytimg.com/vi/6WdUxgpOdow/default.jpg,https://i.ytimg.com/vi/6WdUxgpOdow/mqdefault.jpg,https://i.ytimg.com/vi/6WdUxgpOdow/hqdefault.jpg
PLxKLMN7WdG5Cegi48SZZzeuPVVf_CdP7y,RAP VI·ªÜT [ Live Stage ] | Show truy·ªÅn h√¨nh ƒë∆∞·ª£c y√™u th√≠ch nh·∫•t 2020,"T·ªïng h·ª£p c√°c b√†i h√°t s√¥i ƒë·ªông nh·∫•t ƒë·ªÉ ƒë√≥n Xu√¢n T√¢n S·ª≠u T·∫øt 2021
#RapVi·ªát #Rap_Vi·ªát #VieChannelHTV2 #VieGI·∫¢ITR√ç
#2021 #Xu√¢nT√¢nS·ª≠u #T·∫øt2021",2020-08-03 04:37:42.659759+00:00,UCkna2OcuN1E6u5I8GVtdkOw,Vie Channel ,119,https://i.ytimg.com/vi/D1eY4VjMLS4/default.jpg,https://i.ytimg.com/vi/D1eY4VjMLS4/mqdefault.jpg,https://i.ytimg.com/vi/D1eY4VjMLS4/hqdefault.jpg
PLxKLMN7WdG5CCHTK2RKyBoSPT6MAjNSiV,Show RAP VI·ªÜT - M√πa 1 | Show √¢m nh·∫°c t·ª∑ view ƒë∆∞·ª£c y√™u th√≠ch nh·∫•t 2020,"Show RAP VI·ªÜT - M√πa 1 l√† show √¢m nh·∫°c ƒë∆∞·ª£c y√™u th√≠ch nh·∫•t 2020, chi·∫øn th·∫Øng gi·∫£i th∆∞·ªüng WeChoice 2020 v√† √Çm Nh·∫°c C·ªëng Hi·∫øn 2020",2020-07-29 02:42:08.164278+00:00,UCkna2OcuN1E6u5I8GVtdkOw,Vie Channel ,814,https://i.ytimg.com/img/no_thumbnail.jpg,https://i.ytimg.com/img/no_thumbnail.jpg,https://i.ytimg.com/img/no_thumbnail.jpg
PLxKLMN7WdG5AlZgn2_xnZsYydiCx8ocMV,Phim Vi·ªát H·∫¢I ƒê∆Ø·ªúNG TRONG GI√ì | Phim H√†nh ƒê·ªông Chu·∫©n ƒêi·ªán ·∫¢nh,,2020-07-09 11:06:44.463588+00:00,UCkna2OcuN1E6u5I8GVtdkOw,Vie Channel ,43,https://i.ytimg.com/vi/WCcE8L2AWSk/default.jpg,https://i.ytimg.com/vi/WCcE8L2AWSk/mqdefault.jpg,https://i.ytimg.com/vi/WCcE8L2AWSk/hqdefault.jpg
PLxKLMN7WdG5C4s7YlAHfKvXaTQYOQzsvA,Phim Vi·ªát G·∫†O N·∫æP G·∫†O T·∫∫ - Ph·∫ßn 2 | Tr·ªçn b·ªô phim hay,"B·ªô phim gia ƒë√¨nh Vi·ªát ƒë∆∞·ª£c y√™u th√≠ch kh·∫Øp c·∫£ n∆∞·ªõc nƒÉm 2018, tr·ªü l·∫°i v·ªõi ph·∫ßn 2: NSUT Minh ƒê·ª©c, Trung D≈©ng, Th√∫y Ng√¢n, Song Lu√¢n, T∆∞·ªùng Vi, ST S∆°n Th·∫°ch, Kh√°nh Linh, Jun Ph·∫°m

#G·∫°oN·∫øpG·∫°oT·∫ª #G·∫°o_N·∫øp_G·∫°o_T·∫ª #VieChannelHTV2 #VieGI·∫¢ITR√ç
#2021 #Xu√¢nT√¢nS·ª≠u #T·∫øt2021",2020-06-23 11:47:29.575628+00:00,UCkna2OcuN1E6u5I8GVtdkOw,Vie Channel ,50,https://i.ytimg.com/img/no_thumbnail.jpg,https://i.ytimg.com/img/no_thumbnail.jpg,https://i.ytimg.com/img/no_thumbnail.jpg
PLxKLMN7WdG5DWTxwel5hsaLSOlpzgayQ5,S√ìNG VieON - ƒê√™m nh·∫°c gi·∫£i tr√≠ ƒë·ªânh cao 2020,,2020-06-15 09:15:46.955984+00:00,UCkna2OcuN1E6u5I8GVtdkOw,Vie Channel ,3,https://i.ytimg.com/vi/bQ2RZ03fV8I/default.jpg,https://i.ytimg.com/vi/bQ2RZ03fV8I/mqdefault.jpg,https://i.ytimg.com/vi/bQ2RZ03fV8I/hqdefault.jpg
PLxKLMN7WdG5Dm4TS1WTPGG7Z2vtD2_t82,ƒê·ªìng h√†nh c√πng G·∫†O N·∫æP G·∫†O T·∫∫ - PH·∫¶N 2 | PHIM GIA ƒê√åNH VI·ªÜT 2020,"ƒê√≥n xem G·∫†O N·∫æP G·∫†O T·∫∫ - PH·∫¶N 2 l√∫c 20h Th·ª© 2 - Th·ª© 4 tr√™n k√™nh truy·ªÅn h√¨nh Vie Channel - HTV2, Vie GI·∫¢ITR√ç v√† ·ª©ng d·ª•ng VieON",2020-06-09 08:34:39.681571+00:00,UCkna2OcuN1E6u5I8GVtdkOw,Vie Channel ,252,https://i.ytimg.com/vi/1DgqBl3Hkcg/default.jpg,https://i.ytimg.com/vi/1DgqBl3Hkcg/mqdefault.jpg,https://i.ytimg.com/vi/1DgqBl3Hkcg/hqdefault.jpg
PLxKLMN7WdG5DgCFik6_jqji10IM-VYt0H,G·∫†O N·∫æP G·∫†O T·∫∫ PHI√äN B·∫¢N ƒê·∫∂C BI·ªÜT 2020,"B·ªô phim Vi·ªát ƒë∆∞·ª£c y√™u th√≠ch kh·∫Øp c·∫£ n∆∞·ªõc:
- K·ª∑ l·ª•c l∆∞·ª£t xem - h∆°n 1.2 t·ª∑ l∆∞·ª£t xem
- K·ª∑ l·ª•c gi·∫£i th∆∞·ªüng - 8 gi·∫£i v√†ng",2020-05-27 02:22:03.685504+00:00,UCkna2OcuN1E6u5I8GVtdkOw,Vie Channel ,30,https://i.ytimg.com/vi/i7z0tFd_3cQ/default.jpg,https://i.ytimg.com/vi/i7z0tFd_3cQ/mqdefault.jpg,https://i.ytimg.com/vi/i7z0tFd_3cQ/hqdefault.jpg
PLxKLMN7WdG5AKOYh5m-OHnGQwL5vW9inE,NHANH NH∆Ø CH·ªöP NH√ç - M√ôA 3 | TV SHOW Y√äU TH√çCH NH·∫§T C·ª¶A M·∫∏ & B√â,"Show truy·ªÅn h√¨nh Vi·ªát | Th√¥ng minh - Ng·ªô nghƒ©nh - ƒê√°ng y√™u d√†nh cho m·∫π & b√© v√† m·ªçi gia ƒë√¨nh

#NhanhNh∆∞Ch·ªõpNh√≠ #NhanhNhuChopNhi #VieChannelHTV2",2020-05-06 07:46:11.635388+00:00,UCkna2OcuN1E6u5I8GVtdkOw,Vie Channel ,383,https://i.ytimg.com/img/no_thumbnail.jpg,https://i.ytimg.com/img/no_thumbnail.jpg,https://i.ytimg.com/img/no_thumbnail.jpg
PLxKLMN7WdG5D5w361fiB-bOyEfP6_b8ty,TV Show ƒê·ªàNH NH·∫§T NƒÉm 2020 | NG∆Ø·ªúI ·∫§Y L√Ä AI? - M√ôA 3,"NG∆Ø·ªúI ·∫§Y L√Ä AI? - M√ôA 3 | Show truy·ªÅn h√¨nh gi·∫£i tr√≠ truy t√¨m Ai l√† ƒê·ªôc Th√¢n - Ai ƒë√£ C√≥ Ch·ªß - Ai thu·ªôc Gi·ªõi T√≠nh Th·ª© 3

#Ng∆∞·ªùi·∫§yL√†Ai #NguoiAyLaAiMua3 #VieChannelHTV2",2020-04-29 11:20:57.248509+00:00,UCkna2OcuN1E6u5I8GVtdkOw,Vie Channel ,473,https://i.ytimg.com/vi/rbZSo-v3vb4/default.jpg,https://i.ytimg.com/vi/rbZSo-v3vb4/mqdefault.jpg,https://i.ytimg.com/vi/rbZSo-v3vb4/hqdefault.jpg
PLxKLMN7WdG5CCjIgtUcRpbj6j0Qeb2BDT,Tuy·ªÉn T·∫≠p H√†i HAY NH·∫§T 2020 |  Ho√†i Linh - Tr·∫•n Th√†nh - Tr∆∞·ªùng Giang,,2020-04-24 03:47:43.882177+00:00,UCkna2OcuN1E6u5I8GVtdkOw,Vie Channel ,16,https://i.ytimg.com/vi/3ozViFPks4o/default.jpg,https://i.ytimg.com/vi/3ozViFPks4o/mqdefault.jpg,https://i.ytimg.com/vi/3ozViFPks4o/hqdefault.jpg
PLxKLMN7WdG5AoUgyajLimWXrEtFjwmVI8,Phim T√¢m LyÃÅ - HiÃÄnh S∆∞Ã£ - XaÃÉ H√¥Ã£i Hay Nh√¢ÃÅt 2020,,2020-04-03 16:58:12.779900+00:00,UCkna2OcuN1E6u5I8GVtdkOw,Vie Channel ,24,https://i.ytimg.com/vi/ykHDoKQdwak/default.jpg,https://i.ytimg.com/vi/ykHDoKQdwak/mqdefault.jpg,https://i.ytimg.com/vi/ykHDoKQdwak/hqdefault.jpg
PLxKLMN7WdG5CwetK0BHGlrThWFYCoT8SI,ALS1_T·ªïng h·ª£p,,2020-01-31 08:38:24.707233+00:00,UCkna2OcuN1E6u5I8GVtdkOw,Vie Channel ,128,https://i.ytimg.com/vi/mFWbRV2-VkA/default.jpg,https://i.ytimg.com/vi/mFWbRV2-VkA/mqdefault.jpg,https://i.ytimg.com/vi/mFWbRV2-VkA/hqdefault.jpg
PLxKLMN7WdG5AMUjGyTfZqAZHy2a_bAQ3J,Si√™u Tr√≠ Tu·ªá_M√πa 1,,2020-01-31 03:36:28.487718+00:00,UCkna2OcuN1E6u5I8GVtdkOw,Vie Channel ,165,https://i.ytimg.com/vi/_pbTemd_Xhw/default.jpg,https://i.ytimg.com/vi/_pbTemd_Xhw/mqdefault.jpg,https://i.ytimg.com/vi/_pbTemd_Xhw/hqdefault.jpg
PLxKLMN7WdG5DjNVQXZVZrwSvYV0KSyEkN,T·∫æT ∆†I XU√ÇN √Ä | 11:45 H√ÄNG NG√ÄY,,2020-01-21 08:34:04.425595+00:00,UCkna2OcuN1E6u5I8GVtdkOw,Vie Channel ,8,https://i.ytimg.com/img/no_thumbnail.jpg,https://i.ytimg.com/img/no_thumbnail.jpg,https://i.ytimg.com/img/no_thumbnail.jpg
PLxKLMN7WdG5DRMIQu4i1zFmPrbUXY2MEJ,üê≠ H√†i T·∫øt 2020 üê≠ | 20:00 H√ÄNG NG√ÄY,,2020-01-21 06:16:49.333138+00:00,UCkna2OcuN1E6u5I8GVtdkOw,Vie Channel ,21,https://i.ytimg.com/vi/5GUcxdBdJjc/default.jpg,https://i.ytimg.com/vi/5GUcxdBdJjc/mqdefault.jpg,https://i.ytimg.com/vi/5GUcxdBdJjc/hqdefault.jpg
PLxKLMN7WdG5CIEc4n4Ubuj245palmTSev,ƒê·ªânh nh·∫•t tr√™n Vie Channel,,2020-01-20 08:15:51.139803+00:00,UCkna2OcuN1E6u5I8GVtdkOw,Vie Channel ,8,https://i.ytimg.com/vi/2Qn_Pg_BIoE/default.jpg,https://i.ytimg.com/vi/2Qn_Pg_BIoE/mqdefault.jpg,https://i.ytimg.com/vi/2Qn_Pg_BIoE/hqdefault.jpg
PLxKLMN7WdG5BhUgYr_HhvJOO4BkRkIcfX,C∆Ø·ªöI CH·∫†Y K·ªäP XU√ÇN | 11:45 H√ÄNG NG√ÄY,,2020-01-15 04:41:19.098043+00:00,UCkna2OcuN1E6u5I8GVtdkOw,Vie Channel ,11,https://i.ytimg.com/img/no_thumbnail.jpg,https://i.ytimg.com/img/no_thumbnail.jpg,https://i.ytimg.com/img/no_thumbnail.jpg
PLxKLMN7WdG5DoqHv3DEctfphRVU1yuutp,Ca nh·∫°c T·∫øt S√ìNG 20 | Xu√¢n T√¢n S·ª≠u T·∫øt 2021,"S√≥ng 20 quy t·ª• h∆°n 100 ca s·ªπ, ngh·ªá sƒ© v√† c√°c nh√¢n v·∫≠t c√≥ s·ª©c ·∫£nh h∆∞·ªüng ƒë√£ t·∫°o s√≥ng trong nƒÉm 2019: Tr√°n Th√†nh, Noo Ph∆∞·ªõc Th·ªãnh, Tr√∫c Nh√¢n, T√≥c Ti√™n, Ho√†ng Th√πy Linh, ƒê√¥ng Nhi, Chi Pu, H∆∞∆°ng Giang, Erik, ƒê·ª©c Ph√∫c, Hi·ªÅn H·ªì, V≈© C√°t T∆∞·ªùng, L√™ Hi·∫øu, Th√∫y Ng√¢n, √în Vƒ©nh Quang, H'Hennie, Ninh D∆∞∆°ng Lan Ng·ªçc...

#S√≥ng20 #S√≥ng_20
#VieChannelHTV2 #VieGI·∫¢ITR√ç
#2021 #Xu√¢nT√¢nS·ª≠u #T·∫øt2021",2020-01-02 07:27:01.439857+00:00,UCkna2OcuN1E6u5I8GVtdkOw,Vie Channel ,101,https://i.ytimg.com/vi/3e4qgtcQXZw/default.jpg,https://i.ytimg.com/vi/3e4qgtcQXZw/mqdefault.jpg,https://i.ytimg.com/vi/3e4qgtcQXZw/hqdefault.jpg
PLxKLMN7WdG5Bj8krYkTZYoVLzjPqmD3Pr,HO√ÄI LINH PHI√äU L∆ØU K√ù | 20:00 TH·ª® 5,,2019-12-25 07:34:13.064812+00:00,UCkna2OcuN1E6u5I8GVtdkOw,Vie Channel ,4,https://i.ytimg.com/vi/H9NMVjKzdUA/default.jpg,https://i.ytimg.com/vi/H9NMVjKzdUA/mqdefault.jpg,https://i.ytimg.com/vi/H9NMVjKzdUA/hqdefault.jpg
PLxKLMN7WdG5CeH5UAjt4CnugJGOe87uYw,Show HeÃ£n HoÃÄ HOT Nh√¢ÃÅt 2020 | T·ª´ L·∫° Th√†nh Th∆∞∆°ng,"Ch∆∞∆°ng tr√¨nh T·ª´ L·∫° Th√†nh Th∆∞∆°ng ph√°t s√≥ng l√∫c 19:45 tr√™n truy·ªÅn h√¨nh Vie Channel - HTV2 | 20:00 tr√™n Youtube

#T·ª´L·∫°Th√†nhTh∆∞∆°ng #TuLaThanhThuong
t·ª´ l·∫° th√†nh thuong, tu la thanh thuong, t·ª´ l·∫°, th√†nh th∆∞∆°ng, ch∆∞∆°ng tr√¨nh h·∫πn h√≤",2019-12-25 06:43:19.021040+00:00,UCkna2OcuN1E6u5I8GVtdkOw,Vie Channel ,176,https://i.ytimg.com/vi/HLtKweD-k5Q/default.jpg,https://i.ytimg.com/vi/HLtKweD-k5Q/mqdefault.jpg,https://i.ytimg.com/vi/HLtKweD-k5Q/hqdefault.jpg
PLxKLMN7WdG5D819EUdfhqrnPbhavXugfZ,ƒêang ph√°t s√≥ng D√íNG S√îNG HUYNH ƒê·ªÜ | 20:00 TH·ª® 2-4,"C√¢u chuy·ªán gia ƒë√¨nh trong ""D√≤ng s√¥ng huynh ƒë·ªá"" xu·∫•t ph√°t t·ª´ ch√≠nh ng∆∞·ªùi ƒë√†n √¥ng tr·ª• c·ªôt, s·ªëng gia tr∆∞·ªüng, √≠ch k·ª∑ v√† ƒë·∫ßy thi√™n v·ªã... (Chi B·∫£o - L∆∞∆°ng Th·∫ø Th√†nh - H√≤a Hi·ªáp)",2019-12-23 02:14:49.073552+00:00,UCkna2OcuN1E6u5I8GVtdkOw,Vie Channel ,28,https://i.ytimg.com/img/no_thumbnail.jpg,https://i.ytimg.com/img/no_thumbnail.jpg,https://i.ytimg.com/img/no_thumbnail.jpg
PLxKLMN7WdG5Cf8jBjttmyWmC4RRpNvBVt,S√™-ri G√å C≈®NG TH·ª¨ | Ch·ªâ c√≥ tr√™n Youtube Vie Channel - HTV2,"S·∫Øp ra l√≤ - Series ""G√¨ c≈©ng th·ª≠"" - Th·ª≠ h·∫øt nh·ªØng g√¨ b·∫°n ch∆∞a bi·∫øt, ch∆∞a tr·∫£i nghi·ªám, ch∆∞a t·ª´ng k·∫øt h·ª£p. Nh·∫Øc nh·∫π khi xem: Coi ch·ª´ng b·ªã ƒëau h·ªçng v√¨ c∆∞·ªùi.",2019-10-12 07:01:10.855468+00:00,UCkna2OcuN1E6u5I8GVtdkOw,Vie Channel ,4,https://i.ytimg.com/vi/D9RTgHPVlX0/default.jpg,https://i.ytimg.com/vi/D9RTgHPVlX0/mqdefault.jpg,https://i.ytimg.com/vi/D9RTgHPVlX0/hqdefault.jpg
PLxKLMN7WdG5CHnFu-APYJiwQbzV1ExPp6,ƒêang ph√°t s√≥ng T√ÄI TI·ªÇU TUY·ªÜT,,2019-09-25 01:49:02.045008+00:00,UCkna2OcuN1E6u5I8GVtdkOw,Vie Channel ,0,https://i.ytimg.com/img/no_thumbnail.jpg,https://i.ytimg.com/img/no_thumbnail.jpg,https://i.ytimg.com/img/no_thumbnail.jpg
PLxKLMN7WdG5AuiwK3iz0zk1DeQjgCVh13,TV show d·ªÖ ch∆°i nh·∫•t nƒÉm ƒê∆ØA EM V·ªÄ NH√Ä | 21:00 Th·ª© 6,"Ch·ªâ 1 c√¢u h·ªèi - Tr√∫ng 1 xe h∆°i
Gameshow truy·ªÅn h√¨nh duy nh·∫•t c√≥ gi·∫£i th∆∞·ªüng l√† 1 chi·∫øc xe h∆°i d√†nh cho ng∆∞·ªùi ch∆°i ch√≠nh l√† kh√°n gi·∫£",2019-09-03 14:11:55.089970+00:00,UCkna2OcuN1E6u5I8GVtdkOw,Vie Channel ,133,https://i.ytimg.com/vi/ozfvu-cfRxE/default.jpg,https://i.ytimg.com/vi/ozfvu-cfRxE/mqdefault.jpg,https://i.ytimg.com/vi/ozfvu-cfRxE/hqdefault.jpg
PLxKLMN7WdG5D8Kc-HdzKLCQokfcsGeKzh,ƒêang ph√°t s√≥ng M·ª∏ NH√ÇN H√ÄNH ƒê·ªòNG | 21H Th·ª© 6,"Th·ª© 6 h√†ng tu·∫ßn || L√∫c 21:00, tr√™n k√™nh truy·ªÅn h√¨nh Vie Channel - HTV2 || L√∫c 21:30 tr√™n YouTube",2019-08-19 08:21:16.865586+00:00,UCkna2OcuN1E6u5I8GVtdkOw,Vie Channel ,33,https://i.ytimg.com/vi/tGBuexShuFg/default.jpg,https://i.ytimg.com/vi/tGBuexShuFg/mqdefault.jpg,https://i.ytimg.com/vi/tGBuexShuFg/hqdefault.jpg
PLxKLMN7WdG5BEzpehTw7SB0BK4r5-kzAX,‚ùñ √îN Vƒ®NH QUANG ‚ùñ V√å L·∫∂NG IM GI·∫æT CH·∫æT CON TIM ‚ùñ,,2019-08-16 08:57:13.782485+00:00,UCkna2OcuN1E6u5I8GVtdkOw,Vie Channel ,3,https://i.ytimg.com/vi/wMHyvgG4gkc/default.jpg,https://i.ytimg.com/vi/wMHyvgG4gkc/mqdefault.jpg,https://i.ytimg.com/vi/wMHyvgG4gkc/hqdefault.jpg
PLxKLMN7WdG5C9hCkGhGRXtuIG6RRtk14l,ƒêang ph√°t s√≥ng AI C≈®NG B·∫¨T C∆Ø·ªúI,,2019-08-08 09:48:55.340067+00:00,UCkna2OcuN1E6u5I8GVtdkOw,Vie Channel ,25,https://i.ytimg.com/vi/W0CImRPEIE4/default.jpg,https://i.ytimg.com/vi/W0CImRPEIE4/mqdefault.jpg,https://i.ytimg.com/vi/W0CImRPEIE4/hqdefault.jpg
PLxKLMN7WdG5ACzT3oGVL4o3m6irc5UgCO,TV show h√†i h∆∞·ªõc nh·∫•t AI L√Ä S·ªê 1? | 20:00 CN,Ph√°t s√≥ng l√∫c 20:00 tr√™n truy·ªÅn h√¨nh Vie Channel - HTV2 | 21:00 tr√™n Youtube,2019-07-30 06:29:39.164941+00:00,UCkna2OcuN1E6u5I8GVtdkOw,Vie Channel ,158,https://i.ytimg.com/vi/D8_TM6Q6wg0/default.jpg,https://i.ytimg.com/vi/D8_TM6Q6wg0/mqdefault.jpg,https://i.ytimg.com/vi/D8_TM6Q6wg0/hqdefault.jpg
PLxKLMN7WdG5BbLFjC5J76EoosFWNlWT7p,TV show c·ªßa nƒÉm SI√äU TR√ç TU·ªÜ VI·ªÜT NAM | M√πa 1,TV Show c·ªßa nƒÉm - gi·∫£i th∆∞·ªüng WeChoice 2019 - t√¨m ki·∫øm v√† t√¥n vinh nh·ªØng ng∆∞·ªùi c√≥ kh·∫£ nƒÉng v∆∞·ª£t qua kh·ªèi s·ª± hi·ªÉu bi·∫øt c·ªßa con ng∆∞·ªùi,2019-07-10 07:09:33.713869+00:00,UCkna2OcuN1E6u5I8GVtdkOw,Vie Channel ,165,https://i.ytimg.com/vi/X7oSydUcnCY/default.jpg,https://i.ytimg.com/vi/X7oSydUcnCY/mqdefault.jpg,https://i.ytimg.com/vi/X7oSydUcnCY/hqdefault.jpg
PLxKLMN7WdG5By5QQ0vAkUECtj-Peq0IRl,GNGT - Highlight,,2019-07-02 12:15:47.571922+00:00,UCkna2OcuN1E6u5I8GVtdkOw,Vie Channel ,62,https://i.ytimg.com/vi/VVkvQlbwXkk/default.jpg,https://i.ytimg.com/vi/VVkvQlbwXkk/mqdefault.jpg,https://i.ytimg.com/vi/VVkvQlbwXkk/hqdefault.jpg
PLxKLMN7WdG5C1bI5hV6HdxGOTZe_db8Bx,GNGT - Bestcut,,2019-07-02 09:56:26.884884+00:00,UCkna2OcuN1E6u5I8GVtdkOw,Vie Channel ,349,https://i.ytimg.com/vi/nw-rc49z0zw/default.jpg,https://i.ytimg.com/vi/nw-rc49z0zw/mqdefault.jpg,https://i.ytimg.com/vi/nw-rc49z0zw/hqdefault.jpg
PLxKLMN7WdG5DPf5rTe6u1JDLRoabvksiI,‚ùñ TRAILER PHIM H√ÄN QU·ªêC‚ùñ,20:00 Th·ª© 2 - Th·ª© 6 | 21:00 Th·ª© 2 - Th·ª© 5,2019-05-14 06:56:46.056936+00:00,UCkna2OcuN1E6u5I8GVtdkOw,Vie Channel ,5,https://i.ytimg.com/img/no_thumbnail.jpg,https://i.ytimg.com/img/no_thumbnail.jpg,https://i.ytimg.com/img/no_thumbnail.jpg
PLxKLMN7WdG5DjPyopVZd7SlQEWbl-CDN3,TV show c·ªßa nƒÉm NG∆Ø·ªúI ·∫§Y L√Ä AI? - M√πa 2,"TV show c·ªßa nƒÉm - ƒë·ªÅ c·ª≠ WeChoice 2019 - TV show ƒë∆∞·ª£c xem nhi·ªÅu nh·∫•t nƒÉm 2019, n∆°i truy t√¨m Ai l√† ƒê·ªôc Th√¢n - Ai ƒë√£ C√≥ Ch·ªß - Ai thu·ªôc Gi·ªõi T√≠nh Th·ª© 3",2019-03-22 03:39:58.379920+00:00,UCkna2OcuN1E6u5I8GVtdkOw,Vie Channel ,163,https://i.ytimg.com/vi/Ng9FUfryYHM/default.jpg,https://i.ytimg.com/vi/Ng9FUfryYHM/mqdefault.jpg,https://i.ytimg.com/vi/Ng9FUfryYHM/hqdefault.jpg
PLxKLMN7WdG5CrM0HQUKmKTT-auVrGIWyF,TV show m·∫π v√† b√© ƒë·ªÅu th√≠ch NHANH NH∆Ø CH·ªöP NH√ç - M√πa 2,Show truy·ªÅn h√¨nh Vi·ªát | Th√¥ng minh - Ng·ªô nghƒ©nh - ƒê√°ng y√™u d√†nh cho m·∫π & b√© v√† m·ªçi gia ƒë√¨nh,2019-02-21 03:09:06.959646+00:00,UCkna2OcuN1E6u5I8GVtdkOw,Vie Channel ,128,https://i.ytimg.com/img/no_thumbnail.jpg,https://i.ytimg.com/img/no_thumbnail.jpg,https://i.ytimg.com/img/no_thumbnail.jpg
PLxKLMN7WdG5C8N-w5bL2FDup3e5fMcxN_,Phim Vi·ªát NH·ªÆNG C√î N√ÄNG ƒê·ªòC TH√ÇN L√ÄM M·∫∏,"Th·ª© 2 - Th·ª© 4 h√†ng tu·∫ßn || L√∫c 21:00, tr√™n k√™nh truy·ªÅn h√¨nh Vie GI·∫¢ITR√ç || L√∫c 21:30, tr√™n YouTube",2019-02-15 09:09:28.860481+00:00,UCkna2OcuN1E6u5I8GVtdkOw,Vie Channel ,57,https://i.ytimg.com/img/no_thumbnail.jpg,https://i.ytimg.com/img/no_thumbnail.jpg,https://i.ytimg.com/img/no_thumbnail.jpg
PLxKLMN7WdG5AjHL450_nIntKV89PIAhud,ƒê√£ ph√°t s√≥ng NG∆Ø·ªúI ·∫§Y L√Ä AI? - M√πa 1 | Show gi·∫£i tr√≠ c√≥ nhi·ªÅu l∆∞·ª£t xem ƒë·ªìng th·ªùi nh·∫•t tr√™n YouTube 2018,Show truy·ªÅn h√¨nh gi·∫£i tr√≠ truy t√¨m Ai l√† ƒê·ªôc Th√¢n - Ai ƒë√£ C√≥ Ch·ªß - Ai thu·ªôc Gi·ªõi T√≠nh Th·ª© 3,2019-02-14 02:35:12.570728+00:00,UCkna2OcuN1E6u5I8GVtdkOw,Vie Channel ,13,https://i.ytimg.com/vi/-qHXDMaHq5U/default.jpg,https://i.ytimg.com/vi/-qHXDMaHq5U/mqdefault.jpg,https://i.ytimg.com/vi/-qHXDMaHq5U/hqdefault.jpg
PLxKLMN7WdG5ArHpa8HY_khPO-fBdxhYji,Ca nh·∫°c T·∫øt tr√™n Vie Channel | Xu√¢n Canh T√Ω 2020,,2019-01-31 08:10:46.525838+00:00,UCkna2OcuN1E6u5I8GVtdkOw,Vie Channel ,23,https://i.ytimg.com/vi/OHkgc64W-bE/default.jpg,https://i.ytimg.com/vi/OHkgc64W-bE/mqdefault.jpg,https://i.ytimg.com/vi/OHkgc64W-bE/hqdefault.jpg
PLxKLMN7WdG5DiN1U7D2skELrXz63dCPA3,H√†i T·∫øt T·ªîNG H·ª¢P | Xu√¢n T√¢n S·ª≠u T·∫øt 2021,"H√†i T·∫øt Ho√†i Linh, Tr·∫•n Th√†nh, Tr∆∞·ªùng Giang, Ch√≠ T√†i, Vi·ªát H∆∞∆°ng, B·∫£o Qu·ªëc, Hari Won, ƒê·∫°i Nghƒ©a, L√¢m V·ªπ D·∫°, L√™ D∆∞∆°ng B·∫£o L√¢m, Anh ƒê·ª©c, M·∫∑c VƒÉn Khoa, Trung D√¢n, B·∫£o Chung, L√™ Kh√°nh, ·ªêc Thanh V√¢n, Anh V≈©...

#2021 #Xu√¢nT√¢nS·ª≠u #T·∫øt2021",2019-01-30 04:07:12.360740+00:00,UCkna2OcuN1E6u5I8GVtdkOw,Vie Channel ,24,https://i.ytimg.com/vi/lmOTFMBSeWU/default.jpg,https://i.ytimg.com/vi/lmOTFMBSeWU/mqdefault.jpg,https://i.ytimg.com/vi/lmOTFMBSeWU/hqdefault.jpg
PLxKLMN7WdG5D8X-sCYqU5MRTXKVDCp0o1,‚ùñ SHOW HAY ‚ùñ H√ÄNG GH·∫æ ƒê·∫¶U ‚ùñ TR·ªåN B·ªò FULL,,2019-01-21 03:31:17.334599+00:00,UCkna2OcuN1E6u5I8GVtdkOw,Vie Channel ,18,https://i.ytimg.com/vi/CDP10sqHe7o/default.jpg,https://i.ytimg.com/vi/CDP10sqHe7o/mqdefault.jpg,https://i.ytimg.com/vi/CDP10sqHe7o/hqdefault.jpg
PLxKLMN7WdG5DSUXyDlo1CgPwI0IcXhxap,PHIM T·∫æT | M·ª´ng Xu√¢n Canh T√Ω 2020,,2019-01-11 03:09:44.243145+00:00,UCkna2OcuN1E6u5I8GVtdkOw,Vie Channel ,48,https://i.ytimg.com/img/no_thumbnail.jpg,https://i.ytimg.com/img/no_thumbnail.jpg,https://i.ytimg.com/img/no_thumbnail.jpg
PLxKLMN7WdG5CnuESmOrJdRkKxvoEuOu9v,AllbestcutGNGT,,2019-01-02 12:26:07.395040+00:00,UCkna2OcuN1E6u5I8GVtdkOw,Vie Channel ,476,https://i.ytimg.com/vi/FDC9OOE90D4/default.jpg,https://i.ytimg.com/vi/FDC9OOE90D4/mqdefault.jpg,https://i.ytimg.com/vi/FDC9OOE90D4/hqdefault.jpg
PLxKLMN7WdG5BDoNCdvpiJwXaCdgxopnMa,Gi·∫£i tr√≠ c·ª±c ƒë·ªânh tr√™n Vie Channel - HTV2,,2018-12-02 06:40:57.089167+00:00,UCkna2OcuN1E6u5I8GVtdkOw,Vie Channel ,14,https://i.ytimg.com/vi/e6k9Vs5FuyM/default.jpg,https://i.ytimg.com/vi/e6k9Vs5FuyM/mqdefault.jpg,https://i.ytimg.com/vi/e6k9Vs5FuyM/hqdefault.jpg
PLxKLMN7WdG5A38V69osu4A6Vyz0W5C9R1,‚ùñ SHOW VI·ªÜT M·ªöI ‚ùñ NG∆Ø·ªúI ·∫§Y L√Ä AI? ‚ùñ TR·ªåN B·ªò,,2018-11-05 04:57:05.436337+00:00,UCkna2OcuN1E6u5I8GVtdkOw,Vie Channel ,8,https://i.ytimg.com/img/no_thumbnail.jpg,https://i.ytimg.com/img/no_thumbnail.jpg,https://i.ytimg.com/img/no_thumbnail.jpg
PLxKLMN7WdG5DoThlxoal_TM1zBkL3Kj7l,Show Vi·ªát NG∆Ø·ªúI ·∫§Y L√Ä AI?,Show truy·ªÅn h√¨nh gi·∫£i tr√≠ truy t√¨m Ai l√† ƒê·ªôc Th√¢n - Ai ƒë√£ C√≥ Ch·ªß - Ai thu·ªôc Gi·ªõi T√≠nh Th·ª© 3,2018-10-18 12:08:02.795726+00:00,UCkna2OcuN1E6u5I8GVtdkOw,Vie Channel ,51,https://i.ytimg.com/vi/-qHXDMaHq5U/default.jpg,https://i.ytimg.com/vi/-qHXDMaHq5U/mqdefault.jpg,https://i.ytimg.com/vi/-qHXDMaHq5U/hqdefault.jpg
PLxKLMN7WdG5A2lMzLXydswtbRqaAWUh_S,‚ùñ PHIM TH√ÅI LAN ‚ùñ NH·∫¨T K√ù K·∫∫ TR·ªòM T√åNH ‚ùñ,,2018-09-13 12:22:13.692271+00:00,UCkna2OcuN1E6u5I8GVtdkOw,Vie Channel ,3,https://i.ytimg.com/img/no_thumbnail.jpg,https://i.ytimg.com/img/no_thumbnail.jpg,https://i.ytimg.com/img/no_thumbnail.jpg
PLxKLMN7WdG5Cx1SBypjE1HcNGx61N5zZi,‚ùñ PHIM H√ÄN QU·ªêC ‚ùñ L·ªúI TH√å TH·∫¶M C·ª¶A T·ªòI √ÅC,,2018-09-11 07:03:24.081669+00:00,UCkna2OcuN1E6u5I8GVtdkOw,Vie Channel ,1,https://i.ytimg.com/img/no_thumbnail.jpg,https://i.ytimg.com/img/no_thumbnail.jpg,https://i.ytimg.com/img/no_thumbnail.jpg
PLxKLMN7WdG5Cjr3irrUnzpFGmiaSEAQWS,‚ùñ PHIM VI·ªÜT M·ªöI ‚ùñ [ENG SUB] G·∫†O N·∫æP G·∫†O T·∫∫ ‚ùñ,"STICKY RICE & PLAIN RICE.
Watch the best Vietnamese drama in 2018. NOW.",2018-09-04 06:28:05.324909+00:00,UCkna2OcuN1E6u5I8GVtdkOw,Vie Channel ,57,https://i.ytimg.com/img/no_thumbnail.jpg,https://i.ytimg.com/img/no_thumbnail.jpg,https://i.ytimg.com/img/no_thumbnail.jpg
PLxKLMN7WdG5CgIYTH4DpkkNaWybSjAF7R,CITY TOUR | G·∫†O N·∫æP G·∫†O T·∫∫ | PHIM GIA ƒê√åNH VI·ªÜT 2018,,2018-07-18 03:34:49.003471+00:00,UCkna2OcuN1E6u5I8GVtdkOw,Vie Channel ,6,https://i.ytimg.com/vi/2PdaY-T0SYc/default.jpg,https://i.ytimg.com/vi/2PdaY-T0SYc/mqdefault.jpg,https://i.ytimg.com/vi/2PdaY-T0SYc/hqdefault.jpg
PLxKLMN7WdG5A3hB6t34hx_WLR7hl8rcHU,‚ùñ PHIM H√ÄN QU·ªêC ‚ùñ M·∫∂T TR√ÅI C√îNG L√ù ‚ùñ TR·ªåN B·ªò FULL,,2018-06-06 03:38:35.673597+00:00,UCkna2OcuN1E6u5I8GVtdkOw,Vie Channel ,0,https://i.ytimg.com/img/no_thumbnail.jpg,https://i.ytimg.com/img/no_thumbnail.jpg,https://i.ytimg.com/img/no_thumbnail.jpg
PLxKLMN7WdG5DtRPUuOu2LuKAZd-hfsexq,Phim Vi·ªát G·∫†O N·∫æP G·∫†O T·∫∫ | T·ªïng h·ª£p nh·ªØng ph√¢n ƒëo·∫°n k·ªãch t√≠nh nh·∫•t,"B·ªô phim ƒë∆∞·ª£c y√™u th√≠ch kh·∫Øp c·∫£ n∆∞·ªõc:
C√∫p v√†ng Li√™n hoan phim truy·ªÅn h√¨nh to√†n qu·ªëc 2018.
C√∫p v√†ng Gi·∫£i th∆∞·ªüng Mai V√†ng 2018.
C√∫p v√†ng Gi·∫£i th∆∞·ªüng WeChoice 2018.
Phim truy·ªÅn h√¨nh xu·∫•t s·∫Øc nh·∫•t Gi·∫£i th∆∞·ªüng H·ªôi ƒëi·ªán ·∫£nh TP.HCM.",2018-05-16 03:07:51.159043+00:00,UCkna2OcuN1E6u5I8GVtdkOw,Vie Channel ,115,https://i.ytimg.com/vi/1GSGMwiABXw/default.jpg,https://i.ytimg.com/vi/1GSGMwiABXw/mqdefault.jpg,https://i.ytimg.com/vi/1GSGMwiABXw/hqdefault.jpg
PLxKLMN7WdG5BKU50AaOyr-g_zDBi_iqW2,TV show m·∫π v√† b√© ƒë·ªÅu th√≠ch NHANH NH∆Ø CH·ªöP NH√ç - M√πa 1,Show truy·ªÅn h√¨nh Vi·ªát | Th√¥ng minh - Ng·ªô nghƒ©nh - ƒê√°ng y√™u d√†nh cho m·∫π & b√© v√† m·ªçi gia ƒë√¨nh,2018-05-15 03:22:05.620431+00:00,UCkna2OcuN1E6u5I8GVtdkOw,Vie Channel ,223,https://i.ytimg.com/vi/sA3AoUKhY1Q/default.jpg,https://i.ytimg.com/vi/sA3AoUKhY1Q/mqdefault.jpg,https://i.ytimg.com/vi/sA3AoUKhY1Q/hqdefault.jpg
PLxKLMN7WdG5D96BmNu2XUM4SbyjymR6Zl,Phim Vi·ªát G·∫†O N·∫æP G·∫†O T·∫∫ | Tr·ªçn b·ªô phim hay,20:00 Th·ª© 2 - th·ª© 4 v√† ph√°t l·∫°i l√∫c 11:45 Th·ª© 2 - th·ª© 7 h√†ng tu·∫ßn tr√™n k√™nh HTV2,2018-04-17 07:51:36.513957+00:00,UCkna2OcuN1E6u5I8GVtdkOw,Vie Channel ,495,https://i.ytimg.com/img/no_thumbnail.jpg,https://i.ytimg.com/img/no_thumbnail.jpg,https://i.ytimg.com/img/no_thumbnail.jpg
PLxKLMN7WdG5CXjFdO_7bkX1nsoxAdEsOu,‚ù§Ô∏è PHI√äN T√íA T√åNH Y√äU B·∫¢N FULL ‚ù§Ô∏è TR·∫§N TH√ÄNH ‚ù§Ô∏è VI·ªÜT H∆Ø∆†NG,"Tr·∫•n Th√†nh ƒë·ªëi ƒë·∫ßu Vi·ªát H∆∞∆°ng khi c·∫£ hai l·∫ßn ƒë·∫ßu ‚Äús·∫Øm vai‚Äù lu·∫≠t s∆∞, trong khi NSND H·ªìng V√¢n s·∫Ω ƒë·∫£m ƒë∆∞∆°ng v·ªã tr√≠ th·∫©m ph√°n. T·∫°i Phi√™n t√≤a t√¨nh y√™u l·∫ßn n√†y Lan Ng·ªçc s·∫Ω ki·ªán ST ra t√≤a v√¨ ST can thi·ªáp v√†o cu·ªôc s·ªëng ri√™ng t∆∞ c·ªßa Lan Ng·ªçc.",2018-04-15 04:20:17.847147+00:00,UCkna2OcuN1E6u5I8GVtdkOw,Vie Channel ,14,https://i.ytimg.com/vi/oX8WlifQ-TQ/default.jpg,https://i.ytimg.com/vi/oX8WlifQ-TQ/mqdefault.jpg,https://i.ytimg.com/vi/oX8WlifQ-TQ/hqdefault.jpg
PLxKLMN7WdG5C8o0Lsk0GxdxW9lQ0B11N_,(FULL) Ai C≈©ng B·∫≠t C∆∞·ªùi m√πa 1 (2016),Tr∆∞·ªùng Giang - L√¢m V·ªπ D·∫°,2018-04-02 08:14:03.256088+00:00,UCkna2OcuN1E6u5I8GVtdkOw,Vie Channel ,29,https://i.ytimg.com/vi/R80g0lBI7eo/default.jpg,https://i.ytimg.com/vi/R80g0lBI7eo/mqdefault.jpg,https://i.ytimg.com/vi/R80g0lBI7eo/hqdefault.jpg
PLxKLMN7WdG5BtPBms8LcQ3YoxixXD0vj6,‚ùñ AI C≈®NG B·∫¨T C∆Ø·ªúI M√ôA 1 - 2016 (FULL),,2018-04-02 08:13:51.771385+00:00,UCkna2OcuN1E6u5I8GVtdkOw,Vie Channel ,2,https://i.ytimg.com/vi/EFXJQDIWdMc/default.jpg,https://i.ytimg.com/vi/EFXJQDIWdMc/mqdefault.jpg,https://i.ytimg.com/vi/EFXJQDIWdMc/hqdefault.jpg
PLxKLMN7WdG5CXz6LBNuxeRajaI2JmXNi3,‚ùñ GI·∫¢I TR√ç ƒê·ªàNH CAO ‚ùñ,,2018-04-02 08:03:54.769516+00:00,UCkna2OcuN1E6u5I8GVtdkOw,Vie Channel ,87,https://i.ytimg.com/vi/OxxiSqAn8z4/default.jpg,https://i.ytimg.com/vi/OxxiSqAn8z4/mqdefault.jpg,https://i.ytimg.com/vi/OxxiSqAn8z4/hqdefault.jpg
PLxKLMN7WdG5BRk0eiO5HdJwKSij-79NUj,(FULL) Phi√™n T√≤a T√¨nh Y√™u,"L·∫ßn ƒë·∫ßu ti√™n sao ki·ªán sao ph√°t s√≥ng tr√™n k√™nh truy·ªÅn h√¨nh HTV2-Vie Channel
H·ªìng V√¢n, Vi·ªát H∆∞∆°ng, Tr·∫•n Th√†nh",2018-04-02 06:46:40.974284+00:00,UCkna2OcuN1E6u5I8GVtdkOw,Vie Channel ,86,https://i.ytimg.com/vi/oX8WlifQ-TQ/default.jpg,https://i.ytimg.com/vi/oX8WlifQ-TQ/mqdefault.jpg,https://i.ytimg.com/vi/oX8WlifQ-TQ/hqdefault.jpg
PLxKLMN7WdG5Cuxb9sKaoCydSM8pusjJY-,(FULL) GALA H√ÄI XU√ÇN 2018,,2018-02-15 13:06:18.136946+00:00,UCkna2OcuN1E6u5I8GVtdkOw,Vie Channel ,12,https://i.ytimg.com/vi/mmwE0_RBbcc/default.jpg,https://i.ytimg.com/vi/mmwE0_RBbcc/mqdefault.jpg,https://i.ytimg.com/vi/mmwE0_RBbcc/hqdefault.jpg
PLxKLMN7WdG5BOtJOsSKTjxXWD_LVCYPYd,‚ùñ (TR·ªåN B·ªò) S√ìNG 18 | CH∆Ø∆†NG TR√åNH ƒê√ìN GIAO TH·ª™A 2018,Ph√°t s√≥ng 21:30 ƒê√™m giao th·ª´a,2018-02-05 02:56:13.821850+00:00,UCkna2OcuN1E6u5I8GVtdkOw,Vie Channel ,28,https://i.ytimg.com/vi/VDXYN0g38fc/default.jpg,https://i.ytimg.com/vi/VDXYN0g38fc/mqdefault.jpg,https://i.ytimg.com/vi/VDXYN0g38fc/hqdefault.jpg
PLxKLMN7WdG5DOZkfjHXUUDa-PUA4iMTIP,NH·ªÆNG PH√ÇN C·∫¢NH G·∫ÆT NH·∫§T XU√ÇN N√ÄY 2018,,2018-01-11 10:28:32.457584+00:00,UCkna2OcuN1E6u5I8GVtdkOw,Vie Channel ,3,https://i.ytimg.com/vi/roQzXjwMxak/default.jpg,https://i.ytimg.com/vi/roQzXjwMxak/mqdefault.jpg,https://i.ytimg.com/vi/roQzXjwMxak/hqdefault.jpg
PLxKLMN7WdG5AGRB-QzPt0nFtJFQvD2OJe,(FULL) KH√ÅM PH√Å MALAYSIA C√ôNG MARTIN YAN - PH·∫¶N 2,,2017-12-15 04:08:10.147556+00:00,UCkna2OcuN1E6u5I8GVtdkOw,Vie Channel ,13,https://i.ytimg.com/vi/0Y492ZkLYk0/default.jpg,https://i.ytimg.com/vi/0Y492ZkLYk0/mqdefault.jpg,https://i.ytimg.com/vi/0Y492ZkLYk0/hqdefault.jpg
PLxKLMN7WdG5DZAAeReRhI0zQFvscJ_d7J,Tuy·ªát ƒê·ªânh nh·∫°c KPOP Ch·ªçn L·ªçc,,2017-12-05 08:03:59.198949+00:00,UCkna2OcuN1E6u5I8GVtdkOw,Vie Channel ,6,https://i.ytimg.com/vi/iWFF1b5jGp0/default.jpg,https://i.ytimg.com/vi/iWFF1b5jGp0/mqdefault.jpg,https://i.ytimg.com/vi/iWFF1b5jGp0/hqdefault.jpg
PLxKLMN7WdG5A8Mo2EZJKgLKaR7l4o2GLw,Hay - M·ªõi - N√≥ng Ch·ªâ C√≥ Tr√™n Vie Channel - HTV2,ƒê√≥n xem nh·ªØng ch∆∞∆°ng tr√¨nh T·∫øt ƒë·∫∑c bi·ªát - m·ªõi l·∫° - ƒë·∫ßy h·∫•p d·∫´n m·ªói ng√†y tr√™n Vie Channel - HTV2,2017-11-03 09:38:59.663975+00:00,UCkna2OcuN1E6u5I8GVtdkOw,Vie Channel ,4985,https://i.ytimg.com/vi/Lp_h-k9yB-A/default.jpg,https://i.ytimg.com/vi/Lp_h-k9yB-A/mqdefault.jpg,https://i.ytimg.com/vi/Lp_h-k9yB-A/hqdefault.jpg
PLxKLMN7WdG5DeUXnMDtuc9Dawew1h2XmW,‚ùñ H√ÄI ƒê·ªàNH ‚ùñ  Ho√†i Linh - Vi·ªát H∆∞∆°ng - Tr·∫•n Th√†nh - Tr∆∞·ªùng Giang...,"üíöXem th√™m t·∫≠p nh·ªØng c·∫£nh ƒë·∫∑c s·∫Øc https://goo.gl/TjhvqJ
üíöXem ƒê·∫ßy ƒë·ªß c√°c t·∫≠p phim t·∫°i https://goo.gl/iCLizH
üíöXem Show Ch·ªß Nh·∫≠t HOT View t·∫°i https://goo.gl/nxG2S8
üíöXem th√™m t·∫≠p 1 t·∫°i https://goo.gl/f4WLPC
üíöXem th√™m t·∫≠p 2 t·∫°i https://goo.gl/duP3Hv
üíöXe...",2017-11-03 09:28:11.562732+00:00,UCkna2OcuN1E6u5I8GVtdkOw,Vie Channel ,30,https://i.ytimg.com/vi/xp7UUKp_euY/default.jpg,https://i.ytimg.com/vi/xp7UUKp_euY/mqdefault.jpg,https://i.ytimg.com/vi/xp7UUKp_euY/hqdefault.jpg
PLxKLMN7WdG5CHfeZ1UnctPFPBY4zOsc1R,NGH·ªÜ Sƒ® - TI·∫æT L·ªò NH·ªÆNG C√ÇU CHUY·ªÜN CH·∫§N ƒê·ªòNG | L·∫¶N ƒê·∫¶U T√îI K·ªÇ,,2017-10-26 02:55:59.234228+00:00,UCkna2OcuN1E6u5I8GVtdkOw,Vie Channel ,30,https://i.ytimg.com/vi/PZPOhy-WKag/default.jpg,https://i.ytimg.com/vi/PZPOhy-WKag/mqdefault.jpg,https://i.ytimg.com/vi/PZPOhy-WKag/hqdefault.jpg
PLxKLMN7WdG5CaTTAi26wPb_Q-fTPl2yed,H√ÄI T·∫æT | C∆∞·ªùi Ngay V√† Lu√¥n,"Xem th√™m c√°c c·∫£nh h√†i h∆∞·ªõc t·∫°i:
üíöXem th√™m C·∫¢NH G√ÇY C∆Ø·ªúI  https://goo.gl/AMxeBL
üíöXem th√™m c√°c t·∫≠p https://goo.gl/QZaevf
üíöXem th√™m nh·ªØng c·∫£nh h√†i h∆∞·ªõc https://goo.gl/TjhvqJ
üíöXem ƒê·∫ßy ƒë·ªß c√°c t·∫≠p ACBC phim t·∫°i https://goo.gl/iCLizH
üíöXem Show ACBC Ch·ªß Nh·∫≠t HOT View t·∫°i https://goo.gl/nxG2S8",2017-10-19 02:37:47.753773+00:00,UCkna2OcuN1E6u5I8GVtdkOw,Vie Channel ,31,https://i.ytimg.com/vi/ItXCKK8q0wU/default.jpg,https://i.ytimg.com/vi/ItXCKK8q0wU/mqdefault.jpg,https://i.ytimg.com/vi/ItXCKK8q0wU/hqdefault.jpg
PLxKLMN7WdG5CGElLoLz_J8ZxgTi8homTt,Nh·ªØng C·∫£nh H√†i H∆∞·ªõc Nh·∫•t Ai C≈©ng B·∫≠t C∆∞·ªùi,"Xem th√™m c√°c c·∫£nh h√†i h∆∞·ªõc t·∫°i:
üíöXem th√™m C·∫¢NH G√ÇY C∆Ø·ªúI  https://goo.gl/AMxeBL
üíöXem th√™m c√°c t·∫≠p https://goo.gl/QZaevf
üíöXem th√™m nh·ªØng c·∫£nh h√†i h∆∞·ªõc https://goo.gl/TjhvqJ
üíöXem ƒê·∫ßy ƒë·ªß c√°c t·∫≠p ACBC phim t·∫°i https://goo.gl/iCLizH
üíöXem Show ACBC Ch·ªß Nh·∫≠t HOT View t·∫°i https://goo.gl/nxG2S8",2017-10-18 04:20:45.067902+00:00,UCkna2OcuN1E6u5I8GVtdkOw,Vie Channel ,37,https://i.ytimg.com/vi/6dnRE-ZmWcw/default.jpg,https://i.ytimg.com/vi/6dnRE-ZmWcw/mqdefault.jpg,https://i.ytimg.com/vi/6dnRE-ZmWcw/hqdefault.jpg
PLxKLMN7WdG5BeyrnhDuHmQQSKd6gA10tk,‚ùñSHOW 20:00 CH·ª¶ NH·∫¨T: Ai c≈©ng b·∫≠t c∆∞·ªùi M√πa 2 - 2017 (Viewcut),"üíöXem th√™m t·∫≠p nh·ªØng c·∫£nh ƒë·∫∑c s·∫Øc https://goo.gl/TjhvqJ
üíöXem ƒê·∫ßy ƒë·ªß c√°c t·∫≠p phim t·∫°i https://goo.gl/iCLizH
üíöXem Show Ch·ªß Nh·∫≠t HOT View t·∫°i https://goo.gl/nxG2S8
üíöXem th√™m t·∫≠p 1 t·∫°i https://goo.gl/f4WLPC
üíöXem th√™m t·∫≠p 2 t·∫°i https://goo.gl/duP3Hv
üíöXem th√™m t·∫≠p 3 t·∫°i https://goo.gl/2BYdKq
üíöXem th√™m t·∫≠p 4 t·∫°i https://goo.gl/81SVPc
üíöXem th√™m t·∫≠p 7 t·∫°i https://goo.gl/BXWgvg

ƒêƒÉng k√Ω ƒë·ªÉ xem video m·ªõi: https://goo.gl/oDR7VP
Xem c√°c ch∆∞∆°ng tr√¨nh phim - h√†i kh√°c c·ªßa HTV2:
‚ñ∫Ai c≈©ng b·∫≠t c∆∞·ªùi Full: https://goo.gl/glS4sF
‚ñ∫T√†i ti·∫øu tuy·ªát Full: https://goo.gl/c0Qw7H
‚ñ∫L·∫ßn ƒë·∫ßu t√¥i k·ªÉ: https://goo.gl/UsYrQG

Ho·∫∑c xem th√™m tr√™n h·ªá th·ªëng HTV2:
‚ñ∫Website: http://htv2channel.vn/
‚ñ∫Fanpage: https://www.fb.com/HTV2channel
‚ñ∫G+: https://goo.gl/izjFOD",2017-10-11 09:44:16.987553+00:00,UCkna2OcuN1E6u5I8GVtdkOw,Vie Channel ,57,https://i.ytimg.com/vi/GW_tYg1elGc/default.jpg,https://i.ytimg.com/vi/GW_tYg1elGc/mqdefault.jpg,https://i.ytimg.com/vi/GW_tYg1elGc/hqdefault.jpg
PLxKLMN7WdG5CG8czk9gq-SDp-3sJPE3qG,HOA H·∫¨U HO√ÄN V≈® VI·ªÜT NAM 2017,,2017-09-19 03:33:54.492349+00:00,UCkna2OcuN1E6u5I8GVtdkOw,Vie Channel ,1,https://i.ytimg.com/vi/rCJqU4utd1k/default.jpg,https://i.ytimg.com/vi/rCJqU4utd1k/mqdefault.jpg,https://i.ytimg.com/vi/rCJqU4utd1k/hqdefault.jpg
PLxKLMN7WdG5BBJT8oaVUKsogbkFz0dhLs,Celebration,,2017-04-19 02:07:55.604396+00:00,UCkna2OcuN1E6u5I8GVtdkOw,Vie Channel ,8,https://i.ytimg.com/vi/E0uoT9_108Y/default.jpg,https://i.ytimg.com/vi/E0uoT9_108Y/mqdefault.jpg,https://i.ytimg.com/vi/E0uoT9_108Y/hqdefault.jpg
PLxKLMN7WdG5CLjgHCo_U1W-5JqVT5-wnk,NOMAD VIETNAM X COCO ROCHA,,2017-04-14 07:40:20.104684+00:00,UCkna2OcuN1E6u5I8GVtdkOw,Vie Channel ,6,https://i.ytimg.com/vi/Cfm5zsyDw40/default.jpg,https://i.ytimg.com/vi/Cfm5zsyDw40/mqdefault.jpg,https://i.ytimg.com/vi/Cfm5zsyDw40/hqdefault.jpg
PLxKLMN7WdG5AflSAczt8Iw0Fm-DoUx-SA,AI C≈®NG B·∫¨T C∆Ø·ªúI - T·∫¨P 41 FULL,,2017-04-07 06:40:59.553377+00:00,UCkna2OcuN1E6u5I8GVtdkOw,Vie Channel ,4,https://i.ytimg.com/vi/KlNhLsDwwhY/default.jpg,https://i.ytimg.com/vi/KlNhLsDwwhY/mqdefault.jpg,https://i.ytimg.com/vi/KlNhLsDwwhY/hqdefault.jpg
PLxKLMN7WdG5CxQ1f8TrBeo-PU6TVLTmWS,AI C≈®NG B·∫¨T C∆Ø·ªúI - T·∫¨P 41,,2017-04-07 06:40:48.372148+00:00,UCkna2OcuN1E6u5I8GVtdkOw,Vie Channel ,0,https://i.ytimg.com/img/no_thumbnail.jpg,https://i.ytimg.com/img/no_thumbnail.jpg,https://i.ytimg.com/img/no_thumbnail.jpg
PLxKLMN7WdG5Ba3oDTeEybC2sOxgP_jo0W,AI C≈®NG B·∫¨T C∆Ø·ªúI  - T·∫¨P 40 FULL,,2017-03-29 07:42:01.213793+00:00,UCkna2OcuN1E6u5I8GVtdkOw,Vie Channel ,4,https://i.ytimg.com/vi/Nl30xy8FUZQ/default.jpg,https://i.ytimg.com/vi/Nl30xy8FUZQ/mqdefault.jpg,https://i.ytimg.com/vi/Nl30xy8FUZQ/hqdefault.jpg
PLxKLMN7WdG5DoeH1DLVjc4oO0lPN7avqd,AI C≈®NG B·∫¨T C∆Ø·ªúI - T·∫¨P 39,,2017-03-20 08:05:38.148931+00:00,UCkna2OcuN1E6u5I8GVtdkOw,Vie Channel ,1,https://i.ytimg.com/vi/xM41qE9I7to/default.jpg,https://i.ytimg.com/vi/xM41qE9I7to/mqdefault.jpg,https://i.ytimg.com/vi/xM41qE9I7to/hqdefault.jpg
PLxKLMN7WdG5B7bC1egHVLphTvGyqj8GrW,AI C≈®NG B·∫¨T C∆Ø·ªúI - T·∫¨P 38,,2017-03-20 08:05:24.732720+00:00,UCkna2OcuN1E6u5I8GVtdkOw,Vie Channel ,1,https://i.ytimg.com/vi/p9iJdnV4mNE/default.jpg,https://i.ytimg.com/vi/p9iJdnV4mNE/mqdefault.jpg,https://i.ytimg.com/vi/p9iJdnV4mNE/hqdefault.jpg
PLxKLMN7WdG5Cw78EZk7L1PPgBvULOhgB3,AI C≈®NG B·∫¨T C∆Ø·ªúI - T·∫¨P 37,,2017-03-20 08:05:08.352225+00:00,UCkna2OcuN1E6u5I8GVtdkOw,Vie Channel ,1,https://i.ytimg.com/vi/wpmVihgxwlA/default.jpg,https://i.ytimg.com/vi/wpmVihgxwlA/mqdefault.jpg,https://i.ytimg.com/vi/wpmVihgxwlA/hqdefault.jpg
PLxKLMN7WdG5DJRMK9CgIjemcdauIi7hOC,Viewcut phim/show,,2017-03-09 07:57:42.914721+00:00,UCkna2OcuN1E6u5I8GVtdkOw,Vie Channel ,228,https://i.ytimg.com/vi/2OhLiSZs5zo/default.jpg,https://i.ytimg.com/vi/2OhLiSZs5zo/mqdefault.jpg,https://i.ytimg.com/vi/2OhLiSZs5zo/hqdefault.jpg
PLxKLMN7WdG5AlNEbVFrFfE5DEo8mpK10d,(FULL) CHUY·ªÜN KH√ì ƒê·ª† (HELLO COUNSELOR),,2017-02-21 02:02:19.523471+00:00,UCkna2OcuN1E6u5I8GVtdkOw,Vie Channel ,0,https://i.ytimg.com/img/no_thumbnail.jpg,https://i.ytimg.com/img/no_thumbnail.jpg,https://i.ytimg.com/img/no_thumbnail.jpg
PLxKLMN7WdG5BxTOClBehJ1BNUVUIsFvW6,‚ùñ HAY - M·ªöI - N√ìNG H√ÄNG NG√ÄY,Subscribe k√™nh ngay ƒë·ªÉ xem phim h·∫•p d·∫´n: http://bit.ly/HTV2Channel,2017-02-07 08:16:20.558308+00:00,UCkna2OcuN1E6u5I8GVtdkOw,Vie Channel ,139,https://i.ytimg.com/vi/DHJWn_W0FEA/default.jpg,https://i.ytimg.com/vi/DHJWn_W0FEA/mqdefault.jpg,https://i.ytimg.com/vi/DHJWn_W0FEA/hqdefault.jpg
PLxKLMN7WdG5D5QVzeny0U21Tets7FdvTm,(FULL) GALA H√ÄI XU√ÇN 2017,,2017-01-20 03:41:55.246571+00:00,UCkna2OcuN1E6u5I8GVtdkOw,Vie Channel ,12,https://i.ytimg.com/vi/KYLz4LDBEe0/default.jpg,https://i.ytimg.com/vi/KYLz4LDBEe0/mqdefault.jpg,https://i.ytimg.com/vi/KYLz4LDBEe0/hqdefault.jpg
PLxKLMN7WdG5ByqLtOvS4KrPJfsluOJXrm,A GIVING BIRTHDAY,,2017-01-13 06:02:39.588730+00:00,UCkna2OcuN1E6u5I8GVtdkOw,Vie Channel ,8,https://i.ytimg.com/vi/klATvrOjHrw/default.jpg,https://i.ytimg.com/vi/klATvrOjHrw/mqdefault.jpg,https://i.ytimg.com/vi/klATvrOjHrw/hqdefault.jpg
PLxKLMN7WdG5CNcvbK357bAKNp4wmkYn1c,AI C≈®NG B·∫¨T C∆Ø·ªúI - T·∫¨P 36 FULL,,2017-01-13 04:26:52.821740+00:00,UCkna2OcuN1E6u5I8GVtdkOw,Vie Channel ,5,https://i.ytimg.com/vi/zpkN05-WUiE/default.jpg,https://i.ytimg.com/vi/zpkN05-WUiE/mqdefault.jpg,https://i.ytimg.com/vi/zpkN05-WUiE/hqdefault.jpg
PLxKLMN7WdG5ARs_D3Of4kn9Byf6G8p5FP,AI C≈®NG B·∫¨T C∆Ø·ªúI - T·∫¨P 35 FULL,,2017-01-09 02:05:39.497873+00:00,UCkna2OcuN1E6u5I8GVtdkOw,Vie Channel ,5,https://i.ytimg.com/vi/xp7UUKp_euY/default.jpg,https://i.ytimg.com/vi/xp7UUKp_euY/mqdefault.jpg,https://i.ytimg.com/vi/xp7UUKp_euY/hqdefault.jpg
PLxKLMN7WdG5CxeEuFe7PX3_wH15mj06iB,AI C≈®NG B·∫¨T C∆Ø·ªúI - T·∫¨P 34 FULL,,2016-12-30 04:26:03.674172+00:00,UCkna2OcuN1E6u5I8GVtdkOw,Vie Channel ,5,https://i.ytimg.com/vi/n-OfKXruJgY/default.jpg,https://i.ytimg.com/vi/n-OfKXruJgY/mqdefault.jpg,https://i.ytimg.com/vi/n-OfKXruJgY/hqdefault.jpg
PLxKLMN7WdG5CGkYzrcW8fbwKE3nyKUiC_,LIVESHOW TR∆Ø·ªúNG GIANG 2016,,2016-12-23 08:44:29.443344+00:00,UCkna2OcuN1E6u5I8GVtdkOw,Vie Channel ,1,https://i.ytimg.com/vi/Udo2sa-6e6o/default.jpg,https://i.ytimg.com/vi/Udo2sa-6e6o/mqdefault.jpg,https://i.ytimg.com/vi/Udo2sa-6e6o/hqdefault.jpg
PLxKLMN7WdG5C_C-E3pxK_mDANh1LZejuc,AI C≈®NG B·∫¨T C∆Ø·ªúI  - T·∫¨P 33 FULL,,2016-12-23 07:42:04.825101+00:00,UCkna2OcuN1E6u5I8GVtdkOw,Vie Channel ,5,https://i.ytimg.com/vi/NTWM_SF7Q0A/default.jpg,https://i.ytimg.com/vi/NTWM_SF7Q0A/mqdefault.jpg,https://i.ytimg.com/vi/NTWM_SF7Q0A/hqdefault.jpg
PLxKLMN7WdG5DpiEx6fqvUBqe64VNdW3wt,AI C≈®NG B·∫¨T C∆Ø·ªúI - T·∫¨P 32 FULL,,2016-12-17 10:09:18.666090+00:00,UCkna2OcuN1E6u5I8GVtdkOw,Vie Channel ,3,https://i.ytimg.com/vi/9g79VLowgW8/default.jpg,https://i.ytimg.com/vi/9g79VLowgW8/mqdefault.jpg,https://i.ytimg.com/vi/9g79VLowgW8/hqdefault.jpg
PLxKLMN7WdG5C12MCIq9vMXElCVyf6ESh3,AI C≈®NG B·∫¨T C∆Ø·ªúI - T·∫¨P 31 FULL,,2016-12-10 13:25:55.959493+00:00,UCkna2OcuN1E6u5I8GVtdkOw,Vie Channel ,5,https://i.ytimg.com/vi/6M8C5f3ljkQ/default.jpg,https://i.ytimg.com/vi/6M8C5f3ljkQ/mqdefault.jpg,https://i.ytimg.com/vi/6M8C5f3ljkQ/hqdefault.jpg
PLxKLMN7WdG5Dbso2Z6fxNy1dOnP591T_b,‚ùñHOT‚ùñ Con ƒë·∫øn t·ª´ h√†nh tinh n√†o?,19:00 Ch·ªß nh·∫≠t h√†ng tu·∫ßn tr√™n truy·ªÅn h√¨nh HTV2,2016-12-07 04:18:38.366723+00:00,UCkna2OcuN1E6u5I8GVtdkOw,Vie Channel ,22,https://i.ytimg.com/vi/DHJWn_W0FEA/default.jpg,https://i.ytimg.com/vi/DHJWn_W0FEA/mqdefault.jpg,https://i.ytimg.com/vi/DHJWn_W0FEA/hqdefault.jpg
PLxKLMN7WdG5B54oOB4vX0RvxbXgkne4LQ,AI C≈®NG B·∫¨T C∆Ø·ªúI - T·∫¨P 30 FULL,,2016-11-28 03:15:16.038169+00:00,UCkna2OcuN1E6u5I8GVtdkOw,Vie Channel ,5,https://i.ytimg.com/vi/KStBLLfoUew/default.jpg,https://i.ytimg.com/vi/KStBLLfoUew/mqdefault.jpg,https://i.ytimg.com/vi/KStBLLfoUew/hqdefault.jpg
PLxKLMN7WdG5D9R-3fjZ9j-0VRZK6l6_PQ,(FULL) KH√ÅM PH√Å MALAYSIA C√ôNG MARTIN YAN - PH·∫¶N 1,,2016-11-28 02:13:27.294648+00:00,UCkna2OcuN1E6u5I8GVtdkOw,Vie Channel ,14,https://i.ytimg.com/vi/NZB_DmXEa6I/default.jpg,https://i.ytimg.com/vi/NZB_DmXEa6I/mqdefault.jpg,https://i.ytimg.com/vi/NZB_DmXEa6I/hqdefault.jpg
PLxKLMN7WdG5BekZAB4WXa35adOxTjYvkj,"""A Giving Birthday"" MV - Nam Ph∆∞∆°ng Foundation",,2016-11-24 15:09:43.573386+00:00,UCkna2OcuN1E6u5I8GVtdkOw,Vie Channel ,24,https://i.ytimg.com/vi/gW9aQyJcN_8/default.jpg,https://i.ytimg.com/vi/gW9aQyJcN_8/mqdefault.jpg,https://i.ytimg.com/vi/gW9aQyJcN_8/hqdefault.jpg
PLxKLMN7WdG5CzfbgvodzjZxkyheHZLBF6,AI C≈®NG B·∫¨T C∆Ø·ªúI - T·∫¨P 29 FULL,,2016-11-21 05:23:01.934031+00:00,UCkna2OcuN1E6u5I8GVtdkOw,Vie Channel ,5,https://i.ytimg.com/vi/hEv7yT6hTs8/default.jpg,https://i.ytimg.com/vi/hEv7yT6hTs8/mqdefault.jpg,https://i.ytimg.com/vi/hEv7yT6hTs8/hqdefault.jpg
PLxKLMN7WdG5AYri9_Rs-0bq_nO1U7CBJd,TH·ª¨ TH√ÅCH C√ôNG B∆Ø·ªöC NH·∫¢Y 2016,,2016-11-21 04:46:09.854197+00:00,UCkna2OcuN1E6u5I8GVtdkOw,Vie Channel ,21,https://i.ytimg.com/vi/UlLNfKU_CKc/default.jpg,https://i.ytimg.com/vi/UlLNfKU_CKc/mqdefault.jpg,https://i.ytimg.com/vi/UlLNfKU_CKc/hqdefault.jpg
PLxKLMN7WdG5Cw3QHhVtripvnMjhEdwAyi,AI C≈®NG B·∫¨T C∆Ø·ªúI - T·∫¨P 28 FULL,,2016-11-11 08:14:22.350598+00:00,UCkna2OcuN1E6u5I8GVtdkOw,Vie Channel ,5,https://i.ytimg.com/vi/L5zbTNK7i8Y/default.jpg,https://i.ytimg.com/vi/L5zbTNK7i8Y/mqdefault.jpg,https://i.ytimg.com/vi/L5zbTNK7i8Y/hqdefault.jpg
PLxKLMN7WdG5C93MjA0XMsMPPJQ8lRhVxF,AI C≈®NG B·∫¨T C∆Ø·ªúI - T·∫¨P 27 FULL,,2016-11-07 01:58:41.189059+00:00,UCkna2OcuN1E6u5I8GVtdkOw,Vie Channel ,5,https://i.ytimg.com/vi/BPZZlPnNoGw/default.jpg,https://i.ytimg.com/vi/BPZZlPnNoGw/mqdefault.jpg,https://i.ytimg.com/vi/BPZZlPnNoGw/hqdefault.jpg
PLxKLMN7WdG5A7GqFLCCqD4metkOcKv6sB,ƒê·∫†I H·ªòI NH·∫†C POP CH√ÇU √Å 2016,,2016-11-02 06:27:38.747199+00:00,UCkna2OcuN1E6u5I8GVtdkOw,Vie Channel ,1,https://i.ytimg.com/vi/i5pkYceJ8W8/default.jpg,https://i.ytimg.com/vi/i5pkYceJ8W8/mqdefault.jpg,https://i.ytimg.com/vi/i5pkYceJ8W8/hqdefault.jpg
PLxKLMN7WdG5BaGlk1GchJP29ksmAYtF47,AI C≈®NG B·∫¨T C∆Ø·ªúI - T·∫¨P 26 FULL,,2016-10-28 03:27:11.260636+00:00,UCkna2OcuN1E6u5I8GVtdkOw,Vie Channel ,4,https://i.ytimg.com/vi/FQw4XMHpI6E/default.jpg,https://i.ytimg.com/vi/FQw4XMHpI6E/mqdefault.jpg,https://i.ytimg.com/vi/FQw4XMHpI6E/hqdefault.jpg
PLxKLMN7WdG5Ca5aU_gxHTB-h7D18Z7YGq,AI C≈®NG B·∫¨T C∆Ø·ªúI - T·∫¨P 25 FULL,,2016-10-24 08:38:44.915966+00:00,UCkna2OcuN1E6u5I8GVtdkOw,Vie Channel ,5,https://i.ytimg.com/vi/LvNmHFpzZXA/default.jpg,https://i.ytimg.com/vi/LvNmHFpzZXA/mqdefault.jpg,https://i.ytimg.com/vi/LvNmHFpzZXA/hqdefault.jpg
PLxKLMN7WdG5AVypn2CVRpJmflZWfm053s,AI C≈®NG B·∫¨T C∆Ø·ªúI - T·∫¨P 24 FULL,,2016-10-20 03:12:17.654836+00:00,UCkna2OcuN1E6u5I8GVtdkOw,Vie Channel ,5,https://i.ytimg.com/vi/TJQWFMrYIUE/default.jpg,https://i.ytimg.com/vi/TJQWFMrYIUE/mqdefault.jpg,https://i.ytimg.com/vi/TJQWFMrYIUE/hqdefault.jpg
PLxKLMN7WdG5BPVJC0o8TZ19yPe4C80uSP,AI C≈®NG B·∫¨T C∆Ø·ªúI - T·∫¨P 20 (PH√ÅT L·∫†I),,2016-09-26 10:13:09.285270+00:00,UCkna2OcuN1E6u5I8GVtdkOw,Vie Channel ,1,https://i.ytimg.com/vi/QiyXiq4LhvU/default.jpg,https://i.ytimg.com/vi/QiyXiq4LhvU/mqdefault.jpg,https://i.ytimg.com/vi/QiyXiq4LhvU/hqdefault.jpg
PLxKLMN7WdG5Dvm0waLUMM_43IZcXdjOOW,AI C≈®NG B·∫¨T C∆Ø·ªúI - T·∫¨P 21 (PH√ÅT L·∫†I),,2016-09-26 10:12:45.841442+00:00,UCkna2OcuN1E6u5I8GVtdkOw,Vie Channel ,0,https://i.ytimg.com/img/no_thumbnail.jpg,https://i.ytimg.com/img/no_thumbnail.jpg,https://i.ytimg.com/img/no_thumbnail.jpg
PLxKLMN7WdG5D1BEcPN39rP8803DkLiLta,K·ª≤ √ÅN ƒê√îNG T√ÇY KIM C·ªî (FULL),,2016-09-23 15:14:56.814348+00:00,UCkna2OcuN1E6u5I8GVtdkOw,Vie Channel ,62,https://i.ytimg.com/vi/26IE7kAWbYs/default.jpg,https://i.ytimg.com/vi/26IE7kAWbYs/mqdefault.jpg,https://i.ytimg.com/vi/26IE7kAWbYs/hqdefault.jpg
PLxKLMN7WdG5AKWGrFdFZUglOsQdW7SU-j,AI C≈®NG B·∫¨T C∆Ø·ªúI - T·∫¨P 19 (PH√ÅT L·∫†I),,2016-09-19 03:24:36.957876+00:00,UCkna2OcuN1E6u5I8GVtdkOw,Vie Channel ,1,https://i.ytimg.com/vi/wS8qkAzVMnU/default.jpg,https://i.ytimg.com/vi/wS8qkAzVMnU/mqdefault.jpg,https://i.ytimg.com/vi/wS8qkAzVMnU/hqdefault.jpg
PLxKLMN7WdG5CQezooSBhot7dJZqX8DnJg,AI C≈®NG B·∫¨T C∆Ø·ªúI - T·∫¨P 18 FULL,,2016-09-11 14:19:47.425278+00:00,UCkna2OcuN1E6u5I8GVtdkOw,Vie Channel ,5,https://i.ytimg.com/vi/7sSyJFjFzYQ/default.jpg,https://i.ytimg.com/vi/7sSyJFjFzYQ/mqdefault.jpg,https://i.ytimg.com/vi/7sSyJFjFzYQ/hqdefault.jpg
PLxKLMN7WdG5BJ5L6E5wQGgTkJzUavW8Q8,FUNNY,,2016-09-08 02:54:54.412252+00:00,UCkna2OcuN1E6u5I8GVtdkOw,Vie Channel ,0,https://i.ytimg.com/img/no_thumbnail.jpg,https://i.ytimg.com/img/no_thumbnail.jpg,https://i.ytimg.com/img/no_thumbnail.jpg
PLxKLMN7WdG5BopQmrDAHPMiGv4hdTZZoY,AI C≈®NG B·∫¨T C∆Ø·ªúI - T·∫¨P 17 FULL,,2016-09-01 04:25:50.523482+00:00,UCkna2OcuN1E6u5I8GVtdkOw,Vie Channel ,5,https://i.ytimg.com/vi/pfWipk7y1tA/default.jpg,https://i.ytimg.com/vi/pfWipk7y1tA/mqdefault.jpg,https://i.ytimg.com/vi/pfWipk7y1tA/hqdefault.jpg
PLxKLMN7WdG5BQm4l3v8CK_f1P0XfpkPSZ,AI C≈®NG B·∫¨T C∆Ø·ªúI - T·∫¨P 16 FULL,,2016-08-29 01:32:02.476597+00:00,UCkna2OcuN1E6u5I8GVtdkOw,Vie Channel ,5,https://i.ytimg.com/vi/RvRWdsilnlI/default.jpg,https://i.ytimg.com/vi/RvRWdsilnlI/mqdefault.jpg,https://i.ytimg.com/vi/RvRWdsilnlI/hqdefault.jpg
PLxKLMN7WdG5ASyL4JJ0KWZoUPxOGO7suV,AI C≈®NG B·∫¨T C∆Ø·ªúI - T·∫¨P 15 FULL,,2016-08-19 09:18:13.391852+00:00,UCkna2OcuN1E6u5I8GVtdkOw,Vie Channel ,5,https://i.ytimg.com/vi/rwflMngSGKs/default.jpg,https://i.ytimg.com/vi/rwflMngSGKs/mqdefault.jpg,https://i.ytimg.com/vi/rwflMngSGKs/hqdefault.jpg
PLxKLMN7WdG5AUd0jPnAoK_6Ue59asPl6I,MU√îN M√ÄU S·∫ÆC VI·ªÜT (SPICY VIETNAM) - TRAILER,,2016-08-18 03:53:19.679993+00:00,UCkna2OcuN1E6u5I8GVtdkOw,Vie Channel ,5,https://i.ytimg.com/vi/XXHne8oGIvQ/default.jpg,https://i.ytimg.com/vi/XXHne8oGIvQ/mqdefault.jpg,https://i.ytimg.com/vi/XXHne8oGIvQ/hqdefault.jpg
PLxKLMN7WdG5B7u4DKUm2_aA704qp9ZqXU,AI C≈®NG B·∫¨T C∆Ø·ªúI - T·∫¨P 14 FULL,,2016-08-14 14:30:04.106090+00:00,UCkna2OcuN1E6u5I8GVtdkOw,Vie Channel ,5,https://i.ytimg.com/vi/i6BllWGKaOs/default.jpg,https://i.ytimg.com/vi/i6BllWGKaOs/mqdefault.jpg,https://i.ytimg.com/vi/i6BllWGKaOs/hqdefault.jpg
PLxKLMN7WdG5DuIpjraJJhbfC0mqjasnda,AI C≈®NG B·∫¨T C∆Ø·ªúI - T·∫¨P 14 FULL,,2016-08-12 09:46:19.940790+00:00,UCkna2OcuN1E6u5I8GVtdkOw,Vie Channel ,1,https://i.ytimg.com/vi/FHm5Cjlb0UE/default.jpg,https://i.ytimg.com/vi/FHm5Cjlb0UE/mqdefault.jpg,https://i.ytimg.com/vi/FHm5Cjlb0UE/hqdefault.jpg
PLxKLMN7WdG5DRUltISvzKaVqt4n7LMMwE,AI C≈®NG B·∫¨T C∆Ø·ªúI - T·∫¨P 13 FULL,,2016-08-07 14:07:03.659930+00:00,UCkna2OcuN1E6u5I8GVtdkOw,Vie Channel ,5,https://i.ytimg.com/vi/2r83OvQxphM/default.jpg,https://i.ytimg.com/vi/2r83OvQxphM/mqdefault.jpg,https://i.ytimg.com/vi/2r83OvQxphM/hqdefault.jpg
PLxKLMN7WdG5CFQpVtPNVl43vBGLgwHkO_,LIVESHOW 365 - THE IMPACT - NH·ªÆNG NG√îI SAO M·ªöI,,2016-08-04 08:17:31.857345+00:00,UCkna2OcuN1E6u5I8GVtdkOw,Vie Channel ,5,https://i.ytimg.com/vi/aTFC26t6Q94/default.jpg,https://i.ytimg.com/vi/aTFC26t6Q94/mqdefault.jpg,https://i.ytimg.com/vi/aTFC26t6Q94/hqdefault.jpg
PLxKLMN7WdG5D1AEGOwgg0roEKaWdriYoB,AI C≈®NG B·∫¨T C∆Ø·ªúI - T·∫¨P 12 FULL,,2016-07-29 09:43:36.121206+00:00,UCkna2OcuN1E6u5I8GVtdkOw,Vie Channel ,4,https://i.ytimg.com/vi/5UDK00YqiPk/default.jpg,https://i.ytimg.com/vi/5UDK00YqiPk/mqdefault.jpg,https://i.ytimg.com/vi/5UDK00YqiPk/hqdefault.jpg
PLxKLMN7WdG5BKDIXAisvYaKGN2S60G0l1,(FULL) KPOP MUVI,,2016-07-29 09:34:22.594694+00:00,UCkna2OcuN1E6u5I8GVtdkOw,Vie Channel ,12,https://i.ytimg.com/vi/nFOANs31tPI/default.jpg,https://i.ytimg.com/vi/nFOANs31tPI/mqdefault.jpg,https://i.ytimg.com/vi/nFOANs31tPI/hqdefault.jpg
PLxKLMN7WdG5BTrC1-k4mFtMx8V9qyO4Ta,(FULL) Vitamin C∆∞·ªùi,,2016-07-25 09:43:55.092106+00:00,UCkna2OcuN1E6u5I8GVtdkOw,Vie Channel ,76,https://i.ytimg.com/vi/BRECtZk5TI0/default.jpg,https://i.ytimg.com/vi/BRECtZk5TI0/mqdefault.jpg,https://i.ytimg.com/vi/BRECtZk5TI0/hqdefault.jpg
PLxKLMN7WdG5BnKoN2H3fD5XHeWSMNjs_g,AI C≈®NG B·∫¨T C∆Ø·ªúI - T·∫¨P 11 FULL,,2016-07-25 01:33:49.242012+00:00,UCkna2OcuN1E6u5I8GVtdkOw,Vie Channel ,4,https://i.ytimg.com/vi/SruTz_R9Eks/default.jpg,https://i.ytimg.com/vi/SruTz_R9Eks/mqdefault.jpg,https://i.ytimg.com/vi/SruTz_R9Eks/hqdefault.jpg
PLxKLMN7WdG5AGNoud5UteWpkznFkppP2p,(FULL) L·∫ßn ƒê·∫ßu T√¥i K·ªÉ,"Tr·∫•n Th√†nh, Hari Won, ƒê√†m Vƒ©nh H∆∞ng, M·ªπ T√¢m",2016-07-16 04:07:32.729784+00:00,UCkna2OcuN1E6u5I8GVtdkOw,Vie Channel ,64,https://i.ytimg.com/vi/70ezcO8Hk08/default.jpg,https://i.ytimg.com/vi/70ezcO8Hk08/mqdefault.jpg,https://i.ytimg.com/vi/70ezcO8Hk08/hqdefault.jpg
PLxKLMN7WdG5DJdFaEktZ0AKyivvXOq3dX,AI C≈®NG B·∫¨T C∆Ø·ªúI - T·∫¨P 10 FULL,,2016-07-16 03:08:41.949340+00:00,UCkna2OcuN1E6u5I8GVtdkOw,Vie Channel ,4,https://i.ytimg.com/vi/jXPuFYLQ4AQ/default.jpg,https://i.ytimg.com/vi/jXPuFYLQ4AQ/mqdefault.jpg,https://i.ytimg.com/vi/jXPuFYLQ4AQ/hqdefault.jpg
PLxKLMN7WdG5D_IacChIp7Au81H_uK6JeW,AI C≈®NG B·∫¨T C∆Ø·ªúI - T·∫¨P 9 FULL,,2016-07-09 04:23:26.322018+00:00,UCkna2OcuN1E6u5I8GVtdkOw,Vie Channel ,4,https://i.ytimg.com/vi/lpS0HMQlNy0/default.jpg,https://i.ytimg.com/vi/lpS0HMQlNy0/mqdefault.jpg,https://i.ytimg.com/vi/lpS0HMQlNy0/hqdefault.jpg
PLxKLMN7WdG5DCin_gE-asBOcpDtGaNVCH,AI C≈®NG B·∫¨T C∆Ø·ªúI - T·∫¨P 8 FULL,,2016-07-04 08:00:37.780830+00:00,UCkna2OcuN1E6u5I8GVtdkOw,Vie Channel ,4,https://i.ytimg.com/vi/-zB3EOAyYyc/default.jpg,https://i.ytimg.com/vi/-zB3EOAyYyc/mqdefault.jpg,https://i.ytimg.com/vi/-zB3EOAyYyc/hqdefault.jpg
PLxKLMN7WdG5BIgEAspclpQ0gJgLaezPhl,AI C≈®NG B·∫¨T C∆Ø·ªúI - T·∫¨P 7 FULL,,2016-06-24 09:41:32.064335+00:00,UCkna2OcuN1E6u5I8GVtdkOw,Vie Channel ,4,https://i.ytimg.com/vi/8Vn8h8D9Its/default.jpg,https://i.ytimg.com/vi/8Vn8h8D9Its/mqdefault.jpg,https://i.ytimg.com/vi/8Vn8h8D9Its/hqdefault.jpg
PLxKLMN7WdG5B5Mh0L1zCm9DMP9Ca_K31J,AI C≈®NG B·∫¨T C∆Ø·ªúI - T·∫¨P 6 FULL,,2016-06-17 10:07:03.726904+00:00,UCkna2OcuN1E6u5I8GVtdkOw,Vie Channel ,4,https://i.ytimg.com/vi/ORegjI-TWYw/default.jpg,https://i.ytimg.com/vi/ORegjI-TWYw/mqdefault.jpg,https://i.ytimg.com/vi/ORegjI-TWYw/hqdefault.jpg
PLxKLMN7WdG5DdgqWncxZ2nZzg32dIUAyB,AI C≈®NG B·∫¨T C∆Ø·ªúI - T·∫¨P 5 FULL,,2016-06-10 10:44:46.771264+00:00,UCkna2OcuN1E6u5I8GVtdkOw,Vie Channel ,4,https://i.ytimg.com/vi/msP9IIzKtRI/default.jpg,https://i.ytimg.com/vi/msP9IIzKtRI/mqdefault.jpg,https://i.ytimg.com/vi/msP9IIzKtRI/hqdefault.jpg
PLxKLMN7WdG5BvbWQ2dntcY_UX3w6do3q5,AI C≈®NG B·∫¨T C∆Ø·ªúI - T·∫¨P 4 FULL,,2016-06-03 10:03:03.301090+00:00,UCkna2OcuN1E6u5I8GVtdkOw,Vie Channel ,3,https://i.ytimg.com/vi/JXIs3_ibw4o/default.jpg,https://i.ytimg.com/vi/JXIs3_ibw4o/mqdefault.jpg,https://i.ytimg.com/vi/JXIs3_ibw4o/hqdefault.jpg
PLxKLMN7WdG5ApubK-xOkD__i-TPgUZbnb,AI C≈®NG B·∫¨T C∆Ø·ªúI - T·∫¨P 3 FULL,,2016-05-30 04:31:00.542344+00:00,UCkna2OcuN1E6u5I8GVtdkOw,Vie Channel ,4,https://i.ytimg.com/vi/1FzcABNGCD8/default.jpg,https://i.ytimg.com/vi/1FzcABNGCD8/mqdefault.jpg,https://i.ytimg.com/vi/1FzcABNGCD8/hqdefault.jpg
PLxKLMN7WdG5BM0sBXzF4AdVAyFud9fQ0e,AI C≈®NG B·∫¨T C∆Ø·ªúI (FULL),,2016-05-27 09:36:16.320297+00:00,UCkna2OcuN1E6u5I8GVtdkOw,Vie Channel ,11,https://i.ytimg.com/vi/-zB3EOAyYyc/default.jpg,https://i.ytimg.com/vi/-zB3EOAyYyc/mqdefault.jpg,https://i.ytimg.com/vi/-zB3EOAyYyc/hqdefault.jpg
PLxKLMN7WdG5CxhmphDIQiQJA3XS9hEzVP,AI C≈®NG B·∫¨T C∆Ø·ªúI - T·∫¨P 2 FULL,,2016-05-26 10:17:25.619409+00:00,UCkna2OcuN1E6u5I8GVtdkOw,Vie Channel ,4,https://i.ytimg.com/vi/EFXJQDIWdMc/default.jpg,https://i.ytimg.com/vi/EFXJQDIWdMc/mqdefault.jpg,https://i.ytimg.com/vi/EFXJQDIWdMc/hqdefault.jpg
PLxKLMN7WdG5AopfBK066EIX4s4pX2b5_-,AI C≈®NG B·∫¨T C∆Ø·ªúI - T·∫¨P 1 FULL,,2016-05-26 10:02:46.064649+00:00,UCkna2OcuN1E6u5I8GVtdkOw,Vie Channel ,4,https://i.ytimg.com/vi/5HVJg0hMtXE/default.jpg,https://i.ytimg.com/vi/5HVJg0hMtXE/mqdefault.jpg,https://i.ytimg.com/vi/5HVJg0hMtXE/hqdefault.jpg
PLxKLMN7WdG5Cp1c6SFzKqT_4GKCOBHzfl,AI C≈®NG B·∫¨T C∆Ø·ªúI (TRAILER),"Show h√†i m·ªõi toanh v·ªõi format m·ªõi l·∫° l·∫ßn ƒë·∫ßu ti√™n xu·∫•t hi·ªán t·∫°i Vi·ªát Nam s·∫Ω ch√≠nh th·ª©c ra m·∫Øt kh√°n gi·∫£ c·∫£ n∆∞·ªõc tr√™n k√™nh HTV2 l√∫c 20g00 Ch·ªß Nh·∫≠t h√†ng tu·∫ßn, b·∫Øt ƒë·∫ßu t·ª´ 15/05/2016.",2016-05-09 07:52:18.868543+00:00,UCkna2OcuN1E6u5I8GVtdkOw,Vie Channel ,61,https://i.ytimg.com/vi/Q9haFVthy50/default.jpg,https://i.ytimg.com/vi/Q9haFVthy50/mqdefault.jpg,https://i.ytimg.com/vi/Q9haFVthy50/hqdefault.jpg
PLxKLMN7WdG5BasYstu9Jhczyf8q_jXu6v,CH∆Ø∆†NG TRIÃÄNH T√äÃÅT 2016,,2016-02-03 08:51:06.352109+00:00,UCkna2OcuN1E6u5I8GVtdkOw,Vie Channel ,1,https://i.ytimg.com/vi/nHj0CrxIyog/default.jpg,https://i.ytimg.com/vi/nHj0CrxIyog/mqdefault.jpg,https://i.ytimg.com/vi/nHj0CrxIyog/hqdefault.jpg
PLxKLMN7WdG5A4a0St7V2xntndgPkl6Na1,M·ªöI NH·∫§T TR√äN YOUTUBE HTV2,,2016-01-13 09:58:58.768913+00:00,UCkna2OcuN1E6u5I8GVtdkOw,Vie Channel ,14,https://i.ytimg.com/vi/kLtB_j9uq78/default.jpg,https://i.ytimg.com/vi/kLtB_j9uq78/mqdefault.jpg,https://i.ytimg.com/vi/kLtB_j9uq78/hqdefault.jpg
PLxKLMN7WdG5CN5bkAqFnuBysHpmd0FBil,VITAMIN 365 NG√ÄY VUI KH·ªéE,,2015-10-09 09:23:53.786927+00:00,UCkna2OcuN1E6u5I8GVtdkOw,Vie Channel ,7,https://i.ytimg.com/vi/jFCF1GR3lag/default.jpg,https://i.ytimg.com/vi/jFCF1GR3lag/mqdefault.jpg,https://i.ytimg.com/vi/jFCF1GR3lag/hqdefault.jpg
PLxKLMN7WdG5DOXXld6-IaZrcJbMe11DCS,S·ª¢I M·ª≤ & NH·ªÆNG HUY·ªÄN THO·∫†I,,2015-09-09 07:49:11.692171+00:00,UCkna2OcuN1E6u5I8GVtdkOw,Vie Channel ,4,https://i.ytimg.com/vi/2l_tRPYX2nE/default.jpg,https://i.ytimg.com/vi/2l_tRPYX2nE/mqdefault.jpg,https://i.ytimg.com/vi/2l_tRPYX2nE/hqdefault.jpg
PLxKLMN7WdG5DwFXHiQqRbdhBLSuFJSwLz,M√ä PHIM H√ÄN. M√ä NGAY HTV2,,2015-09-09 07:37:34.427354+00:00,UCkna2OcuN1E6u5I8GVtdkOw,Vie Channel ,7,https://i.ytimg.com/vi/GASojBTfAk4/default.jpg,https://i.ytimg.com/vi/GASojBTfAk4/mqdefault.jpg,https://i.ytimg.com/vi/GASojBTfAk4/hqdefault.jpg
PLxKLMN7WdG5DPxCpMsxnEp4eUFBDoH2kU,Sao Th·∫ø Gi·ªõi,,2015-08-14 02:55:41.799970+00:00,UCkna2OcuN1E6u5I8GVtdkOw,Vie Channel ,111,https://i.ytimg.com/vi/xZUtI1Wtqnk/default.jpg,https://i.ytimg.com/vi/xZUtI1Wtqnk/mqdefault.jpg,https://i.ytimg.com/vi/xZUtI1Wtqnk/hqdefault.jpg
PLxKLMN7WdG5D7tRl852wzwG2aZR8ZrPUr,L·∫¶N ƒê·∫¶U XU√ÇN K·ªÇ 2015,,2015-02-13 04:29:53.937206+00:00,UCkna2OcuN1E6u5I8GVtdkOw,Vie Channel ,3,https://i.ytimg.com/vi/8q6RuavBHVc/default.jpg,https://i.ytimg.com/vi/8q6RuavBHVc/mqdefault.jpg,https://i.ytimg.com/vi/8q6RuavBHVc/hqdefault.jpg
PLxKLMN7WdG5BrhX1VBB9y3m_wB8h8VQxv,C∆Ø·ªúI C√ôNG D√ä ƒê√ìN T·∫æT V·ªÄ,,2015-02-09 06:35:26.558874+00:00,UCkna2OcuN1E6u5I8GVtdkOw,Vie Channel ,0,https://i.ytimg.com/img/no_thumbnail.jpg,https://i.ytimg.com/img/no_thumbnail.jpg,https://i.ytimg.com/img/no_thumbnail.jpg
PLxKLMN7WdG5Bl_OUfAjVNJmWrOlXPaMGG,T·∫æT ∆†I XU√ÇN √Ä!,,2015-01-20 02:57:34.492609+00:00,UCkna2OcuN1E6u5I8GVtdkOw,Vie Channel ,15,https://i.ytimg.com/img/no_thumbnail.jpg,https://i.ytimg.com/img/no_thumbnail.jpg,https://i.ytimg.com/img/no_thumbnail.jpg
PLxKLMN7WdG5A9NVuCGLqIwFrEmZNwAbdy,VUA ƒê·∫¶U B·∫æP NG√îI SAO H√ÄN QU·ªêC,,2014-11-28 09:15:30.432415+00:00,UCkna2OcuN1E6u5I8GVtdkOw,Vie Channel ,21,https://i.ytimg.com/vi/GtJ-X6zqjLE/default.jpg,https://i.ytimg.com/vi/GtJ-X6zqjLE/mqdefault.jpg,https://i.ytimg.com/vi/GtJ-X6zqjLE/hqdefault.jpg
PLxKLMN7WdG5DeP-Bc-E8MeR8SOBxqkLWY,FAQ c√πng sao,,2014-09-03 04:55:10.520341+00:00,UCkna2OcuN1E6u5I8GVtdkOw,Vie Channel ,15,https://i.ytimg.com/vi/xMpCZnNs0to/default.jpg,https://i.ytimg.com/vi/xMpCZnNs0to/mqdefault.jpg,https://i.ytimg.com/vi/xMpCZnNs0to/hqdefault.jpg
PLxKLMN7WdG5BOZ3WKm4gm_7RbsxoXHmo8,VIEW CUT,,2014-07-04 08:44:20.415016+00:00,UCkna2OcuN1E6u5I8GVtdkOw,Vie Channel ,14,https://i.ytimg.com/vi/OkPimZVd8-4/default.jpg,https://i.ytimg.com/vi/OkPimZVd8-4/mqdefault.jpg,https://i.ytimg.com/vi/OkPimZVd8-4/hqdefault.jpg
PLxKLMN7WdG5APzPEUIvmwAiyGIc5fDfgm,Ph√π th·ªßy ƒë∆∞·ªùng ph·ªë,,2014-07-01 08:37:14.307213+00:00,UCkna2OcuN1E6u5I8GVtdkOw,Vie Channel ,6,https://i.ytimg.com/vi/xJI5bl9NNaw/default.jpg,https://i.ytimg.com/vi/xJI5bl9NNaw/mqdefault.jpg,https://i.ytimg.com/vi/xJI5bl9NNaw/hqdefault.jpg
PLxKLMN7WdG5BM5vT-1AfUx_F2Wujhc6Wj,(FULL) T√†i Ti·∫øu Tuy·ªát,"Ho√†i Linh, Tr·∫•n Th√†nh",2014-06-03 08:11:32.237755+00:00,UCkna2OcuN1E6u5I8GVtdkOw,Vie Channel ,95,https://i.ytimg.com/vi/qCIwUfjkFbI/default.jpg,https://i.ytimg.com/vi/qCIwUfjkFbI/mqdefault.jpg,https://i.ytimg.com/vi/qCIwUfjkFbI/hqdefault.jpg
PLxKLMN7WdG5DWE-ZCxVu41T1iZLEjIj5J,VITAMIN C∆Ø·ªúI (TRAILER),Ch∆∞∆°ng tr√¨nh ph√°t s√≥ng l√∫c 20:00 th·ª© 7 h√†ng tu·∫ßn tr√™n HTV2.,2014-03-13 09:45:50.348025+00:00,UCkna2OcuN1E6u5I8GVtdkOw,Vie Channel ,74,https://i.ytimg.com/vi/DUSbx1ZKp1s/default.jpg,https://i.ytimg.com/vi/DUSbx1ZKp1s/mqdefault.jpg,https://i.ytimg.com/vi/DUSbx1ZKp1s/hqdefault.jpg
PLxKLMN7WdG5B_WLRQiwpJxoc8feK5MEg6,Gi·∫£i m√£ K - STARS,,2014-02-28 07:19:09.895933+00:00,UCkna2OcuN1E6u5I8GVtdkOw,Vie Channel ,23,https://i.ytimg.com/img/no_thumbnail.jpg,https://i.ytimg.com/img/no_thumbnail.jpg,https://i.ytimg.com/img/no_thumbnail.jpg
PLxKLMN7WdG5ASZxo7H2zoU9GbVKiHGRaq,L·∫¶N ƒê·∫¶U T√îI K·ªÇ,"L·∫ßn ƒë·∫ßu t√¥i k·ªÉ h·ª©a h·∫πn mang ƒë·∫øn cho kh√°n gi·∫£ HTV2 nh·ªØng c√¢u chuy·ªán h·∫≠u tr∆∞·ªùng, nh·ªØng c√¢u chuy·ªán ƒë√°ng nh·ªõ nh·∫•t c·ªßa c√°c ng√¥i sao, c√°c ngh·ªá sƒ© ƒë∆∞·ª£c y√™u th√≠ch nh·∫•t showbiz Vi·ªát. 
Ph√°t s√≥ng l√∫c 19:00 Ch·ªß Nh·∫≠t",2014-01-09 06:45:37.154605+00:00,UCkna2OcuN1E6u5I8GVtdkOw,Vie Channel ,266,https://i.ytimg.com/vi/csQWWfMfFIE/default.jpg,https://i.ytimg.com/vi/csQWWfMfFIE/mqdefault.jpg,https://i.ytimg.com/vi/csQWWfMfFIE/hqdefault.jpg
PLxKLMN7WdG5C8icPsYe_VUm2Mrxqk-AEy,K·ª≥ √°n ƒê√¥ng T√¢y kim c·ªï,"Fanpage ch√≠nh th·ª©c c·ªßa HTV2:
https://www.facebook.com/HTV2channel

Trong cu·ªôc s·ªëng lu√¥n t·ªìn t·∫°i nh·ªØng th·∫ø l·ª±c ƒë·ªëi ƒë·∫ßu, nh·ªØng cu·ªôc ƒë·∫•ut ranh gi·ªØa thi·ªán -- √°c, th·∫≠t -- gi·∫£, t·ªët -- x·∫•u, ch√≠nh nghƒ©a -- phi nghƒ©a; v√¨ v·∫≠y, ch∆∞∆°ng tr√¨nh K·ª≥ √Ån ƒê√¥ng T√¢y Kim C·ªï ra ƒë·ªùi v·ªõi mong mu·ªën gi√∫p cho m·ªçi ng∆∞·ªùi c√≥ nh·ªØng suy nghƒ©, h√†nh ƒë·ªông t√≠ch c·ª±c, h∆∞·ªõng ƒë·∫øn nh·ªØng gi√° tr·ªã Ch√¢n Thi·ªán M·ªπ, g√≥p ph·∫ßn ƒëem l·∫°i m·ªôt cu·ªôc s·ªëng t·ªët ƒë·∫πp h∆°n.",2013-12-06 02:56:02.587559+00:00,UCkna2OcuN1E6u5I8GVtdkOw,Vie Channel ,63,https://i.ytimg.com/vi/ZLcLW-eUDtQ/default.jpg,https://i.ytimg.com/vi/ZLcLW-eUDtQ/mqdefault.jpg,https://i.ytimg.com/vi/ZLcLW-eUDtQ/hqdefault.jpg
PLxKLMN7WdG5B5H56RP1TR7-8ICdgv-niK,Sao v√† S·ª± Ki·ªán,,2013-07-30 07:21:26.344701+00:00,UCkna2OcuN1E6u5I8GVtdkOw,Vie Channel ,348,https://i.ytimg.com/vi/e6k9Vs5FuyM/default.jpg,https://i.ytimg.com/vi/e6k9Vs5FuyM/mqdefault.jpg,https://i.ytimg.com/vi/e6k9Vs5FuyM/hqdefault.jpg
PLxKLMN7WdG5CrFdCd7Zks58oqx1CC_mhg,T√†i Ti·∫øu Tuy·ªát,"T·ªïng h·ª£p c√°c ti·ªÉu ph·∫©m hay nh·∫•t qua c√°c m√πa c·ªßa ch∆∞∆°ng tr√¨nh T√†i Ti·∫øu Tuy·ªát tr√™n HTV2.
üíöXem th√™m T√†i Ti·∫øu Tuy·ªát https://goo.gl/AMxeBL
üíöXem th√™m c√°c t·∫≠p https://goo.gl/QZaevf
üíöXem th√™m nh·ªØng c·∫£nh h√†i h∆∞·ªõc https://goo.gl/TjhvqJ
üíöXem ƒê·∫ßy ƒë·ªß c√°c t·∫≠p ACBC phim t·∫°i https://goo.gl/iCLizH
üíöXem Show ACBC Ch·ªß Nh·∫≠t HOT View t·∫°i https://goo.gl/nxG2S8",2013-07-30 06:41:00.801817+00:00,UCkna2OcuN1E6u5I8GVtdkOw,Vie Channel ,161,https://i.ytimg.com/vi/_c3eiFezYrk/default.jpg,https://i.ytimg.com/vi/_c3eiFezYrk/mqdefault.jpg,https://i.ytimg.com/vi/_c3eiFezYrk/hqdefault.jpg
